															
Player	Team	G	IP	GS	QS	QS%	K/BB	K/9	BB/9	HR/9	BABIP	Str%	FB MPH	ERA	FIP
Chris Sale	BOS	32	214.1	32	23	71.9	7.2	12.9	1.8	1.0	.301	75.5	94.4	2.90	2.40
Jeff Samardzija	SF	32	207.2	32	20	62.5	6.4	8.9	1.4	1.3	.303	65.0	94.3	4.42	3.58
Carlos Martinez	STL	32	205.0	32	20	62.5	3.1	9.5	3.1	1.2	.285	74.9	95.7	3.64	3.87
Corey Kluber	CLE	29	203.2	29	22	75.9	7.4	11.7	1.6	0.9	.267	80.8	92.6	2.25	2.49
Rick Porcello	BOS	33	203.1	33	19	57.6	3.8	8.0	2.1	1.7	.324	72.8	91.1	4.65	4.58
Gerrit Cole	PIT	33	203.0	33	20	60.6	3.6	8.7	2.4	1.4	.298	70.9	96.0	4.26	4.09
Zack Greinke	ARI	32	202.1	32	19	59.4	4.8	9.6	2.0	1.1	.285	75.5	91.0	3.20	3.37
Jacob deGrom	NYM	31	201.1	31	21	67.7	4.1	10.7	2.6	1.3	.305	75.8	95.2	3.53	3.54
Marcus Stroman	TOR	33	201.0	33	20	60.6	2.6	7.3	2.8	0.9	.310	80.2	93.4	3.09	3.88
Chris Archer	TB	34	201.0	34	20	58.8	4.2	11.1	2.7	1.2	.325	71.7	95.5	4.07	3.39
Max Scherzer	WAS	31	200.2	31	22	71.0	4.9	12.0	2.5	1.0	.245	78.6	94.1	2.51	2.80
Carlos Carrasco	CLE	32	200.0	32	19	59.4	4.9	10.2	2.1	0.9	.307	73.7	94.3	3.29	3.02
Clayton Richard	SD	32	197.1	32	14	43.8	2.6	6.9	2.7	1.1	.351	70.5	90.7	4.79	4.18
Luis Severino	NYY	31	193.1	31	21	67.7	4.5	10.7	2.4	1.0	.272	76.1	97.6	2.98	3.05
Zach Davies	MIL	33	191.1	33	15	45.5	2.3	5.8	2.6	0.9	.302	73.6	89.7	3.90	4.15
Patrick Corbin	ARI	33	189.2	32	19	59.4	2.9	8.4	2.9	1.2	.326	75.7	92.4	4.03	4.10
Julio Teheran	ATL	32	188.1	32	20	62.5	2.1	7.2	3.4	1.5	.281	72.2	91.4	4.49	4.92
Ivan Nova	PIT	31	187.0	31	17	54.8	3.6	6.3	1.7	1.4	.299	72.9	92.8	4.14	4.41
Kevin Gausman	BAL	34	186.2	34	15	44.1	2.5	8.6	3.4	1.4	.336	72.8	95.0	4.68	4.48
Lance Lynn	STL	33	186.1	33	18	54.5	2.0	7.4	3.8	1.3	.244	78.2	91.8	3.43	4.74
Marco Estrada	TOR	33	186.0	33	17	51.5	2.5	8.5	3.4	1.5	.295	68.1	89.9	4.98	4.66
Martin Perez	TEX	32	185.0	32	16	50.0	1.8	5.6	3.1	1.1	.328	70.9	93.1	4.82	4.63
Dan Straily	MIA	33	181.2	33	12	36.4	2.8	8.4	3.0	1.5	.288	73.2	90.3	4.26	4.57
Tanner Roark	WAS	32	181.1	30	17	56.7	2.6	8.2	3.2	1.1	.300	67.6	92.2	4.67	4.11
Ricky Nolasco	LAA	33	181.0	33	12	36.4	2.5	7.1	2.9	1.7	.311	71.9	90.9	4.92	5.13
Jon Lester	CHC	32	180.2	32	18	56.3	3.0	9.0	3.0	1.3	.310	71.4	91.1	4.33	4.11
Jason Hammel	KC	32	180.1	32	14	43.8	3.0	7.2	2.4	1.3	.318	65.4	92.1	5.29	4.29
Jhoulys Chacin	SD	32	180.1	32	16	50.0	2.1	7.6	3.6	0.9	.272	71.9	91.4	3.89	4.11
Jason Vargas	KC	32	179.2	32	16	50.0	2.3	6.7	2.9	1.4	.289	73.6	85.6	4.16	4.66
Alex Cobb	TB	29	179.1	29	15	51.7	2.9	6.4	2.2	1.1	.282	74.1	91.7	3.66	4.13
Masahiro Tanaka	NYY	30	178.1	30	17	56.7	4.7	9.8	2.1	1.8	.306	68.3	92.2	4.74	4.29
Trevor Bauer	CLE	32	176.1	31	15	48.4	3.3	10.0	3.1	1.3	.337	73.6	94.0	4.19	3.87
Jimmy Nelson	MIL	29	175.1	29	17	58.6	4.1	10.2	2.5	0.8	.340	74.4	93.9	3.49	2.97
Stephen Strasburg	WAS	28	175.1	28	20	71.4	4.3	10.5	2.4	0.7	.274	78.2	95.6	2.52	2.67
Clayton Kershaw	LAD	27	175.0	27	20	74.1	6.7	10.4	1.5	1.2	.267	84.6	92.7	2.31	3.13
Matt Moore	SF	32	174.1	31	14	45.2	2.2	7.6	3.5	1.4	.320	66.7	92.0	5.52	4.71
Drew Pomeranz	BOS	32	173.2	32	17	53.1	2.5	9.0	3.6	1.0	.310	79.2	91.4	3.32	3.85
Justin Verlander	DET	28	172.0	28	18	64.3	2.6	9.2	3.5	1.2	-	74.6	95.2	3.82	4.10
Dylan Bundy	BAL	28	169.2	28	19	67.9	3.0	8.1	2.7	1.4	.273	69.5	92.2	4.24	4.33
Jose Urena	MIA	34	169.2	28	12	42.9	1.8	6.0	3.4	1.4	.249	75.8	95.5	3.82	5.03
Jake Arrieta	CHC	30	168.1	30	16	53.3	3.0	8.7	2.9	1.2	.279	76.4	92.1	3.53	4.05
Aaron Nola	PHI	27	168.0	27	17	63.0	3.8	9.9	2.6	1.0	.309	74.1	92.0	3.54	3.31
Andrew Cashner	TEX	28	166.2	28	18	64.3	1.3	4.6	3.5	0.8	.266	76.6	93.4	3.40	4.53
Michael Wacha	STL	30	165.2	30	15	50.0	2.9	8.6	3.0	0.9	.327	71.6	95.1	4.13	3.66
Michael Fulmer	DET	25	164.2	25	18	72.0	2.9	6.2	2.2	0.7	.273	67.8	95.9	3.83	3.59
Ty Blach	SF	34	163.2	24	13	54.2	1.7	4.0	2.4	0.9	.290	65.9	90.1	4.78	4.47
Luis Perdomo	SD	29	163.2	29	16	55.2	1.8	6.5	3.6	0.9	.325	70.4	94.2	4.67	4.34
German Marquez	COL	29	162.0	29	14	48.3	3.0	8.2	2.7	1.4	.316	72.7	95.0	4.39	4.33
Robbie Ray	ARI	28	162.0	28	16	57.1	3.1	12.1	3.9	1.3	.267	82.3	94.3	2.89	3.71
Jordan Zimmermann	DET	29	160.0	29	11	37.9	2.3	5.8	2.5	1.6	.330	63.9	92.2	6.08	5.12
Sean Manaea	OAK	29	158.2	29	14	48.3	2.5	7.9	3.1	1.0	.318	71.1	91.6	4.37	3.98
Kyle Gibson	MIN	29	158.0	29	10	34.5	2.0	6.9	3.4	1.4	.328	70.2	92.0	5.07	4.82
Taijuan Walker	ARI	28	157.1	28	12	42.9	2.4	8.4	3.5	1.0	.291	77.1	93.8	3.49	3.95
Wade Miley	BAL	32	157.1	32	8	25.0	1.5	8.1	5.3	1.4	.332	70.4	91.0	5.61	5.29
Chad Kuhl	PIT	31	157.1	31	8	25.8	2.0	8.1	4.1	1.0	.321	72.4	95.5	4.35	4.22
Kyle Freeland	COL	33	156.0	28	13	46.4	1.7	6.2	3.6	1.0	.308	74.9	92.0	4.10	4.50
Jordan Montgomery	NYY	29	155.1	29	10	34.5	2.8	8.3	3.0	1.2	.275	72.9	92.0	3.88	4.12
Zack Godley	ARI	26	155.0	25	14	56.0	3.1	9.6	3.1	0.9	.280	73.5	91.9	3.37	3.39
Ian Kennedy	KC	30	154.0	30	10	33.3	2.1	7.7	3.6	2.0	.257	65.9	91.9	5.38	5.60
Mike Leake	STL	26	154.0	26	14	53.8	2.9	6.0	2.0	1.1	-	71.4	90.1	4.21	4.17
Mike Foltynewicz	ATL	29	154.0	28	15	53.6	2.4	8.4	3.4	1.2	.324	70.2	95.3	4.79	4.22
Mike Fiers	HOU	29	153.1	28	10	35.7	2.4	8.6	3.6	1.9	.300	69.5	89.7	5.22	5.26
Alex Wood	LAD	27	152.1	25	15	60.0	4.0	8.9	2.2	0.9	.267	78.8	91.8	2.72	3.27
Trevor Williams	PIT	31	150.1	25	11	44.0	2.3	7.0	3.1	0.8	.292	70.5	92.1	4.07	3.93
CC Sabathia	NYY	27	148.2	27	12	44.4	2.4	7.3	3.0	1.3	.276	76.2	90.9	3.69	4.46
Cole Hamels	TEX	24	148.0	24	14	58.3	2.0	6.4	3.2	1.1	.251	68.1	92.0	4.20	4.47
Tyler Chatwood	COL	33	147.2	25	9	36.0	1.6	7.3	4.7	1.2	.283	70.5	94.7	4.69	4.95
JC Ramirez	LAA	27	147.1	24	11	45.8	2.1	6.4	3.0	1.3	.292	73.4	95.5	4.15	4.66
Johnny Cueto	SF	25	147.1	25	12	48.0	2.6	8.3	3.2	1.3	.322	72.8	91.3	4.52	4.41
Charlie Morton	HOU	25	146.2	25	10	40.0	3.3	10.0	3.1	0.9	.295	72.0	95.0	3.62	3.28
Danny Duffy	KC	24	146.1	24	13	54.2	3.2	8.0	2.5	0.8	.309	71.3	92.9	3.81	3.45
Jose Berrios	MIN	26	145.2	25	12	48.0	2.9	8.6	3.0	0.9	.289	70.7	93.5	3.89	3.65
J.A. Happ	TOR	25	145.1	25	14	56.0	3.1	8.8	2.8	1.1	.302	77.5	91.8	3.53	3.84
Jake Odorizzi	TB	28	143.1	28	11	39.3	2.1	8.0	3.8	1.9	.227	75.7	91.6	4.14	5.47
Chase Anderson	MIL	25	141.1	25	13	52.0	3.2	8.5	2.6	0.9	.265	79.3	93.1	2.74	3.50
Josh Tomlin	CLE	26	141.0	26	9	34.6	7.8	7.0	0.9	1.5	.329	65.0	87.7	4.98	4.08
Kyle Hendricks	CHC	24	139.2	24	14	58.3	3.1	7.9	2.6	1.1	.281	79.9	85.8	3.03	3.91
Jesse Chavez	LAA	38	138.0	21	7	33.3	2.6	7.8	2.9	1.8	.306	67.3	92.0	5.35	5.12
Eduardo Rodriguez	BOS	25	137.1	24	12	50.0	3.0	9.8	3.3	1.2	.299	71.3	93.3	4.19	3.94
Yu Darvish	TEX	22	137.0	22	15	68.2	3.3	9.7	3.0	1.3	-	70.7	94.2	4.01	3.96
James Paxton	SEA	24	136.0	24	14	58.3	4.2	10.3	2.4	0.6	.300	74.5	95.4	2.98	2.61
Rich Hill	LAD	25	135.2	25	9	36.0	3.4	11.0	3.3	1.2	.261	75.4	89.0	3.32	3.60
Derek Holland	CWS	29	135.0	26	12	46.2	1.4	6.9	5.0	2.1	.307	69.0	91.1	6.20	6.37
Matt Boyd	DET	26	135.0	25	10	40.0	2.1	7.3	3.5	1.2	.330	68.2	92.0	5.27	4.52
Antonio Senzatela	COL	36	134.2	20	7	35.0	2.2	6.8	3.1	1.2	.280	66.9	94.3	4.68	4.50
Kenta Maeda	LAD	29	134.1	25	5	20.0	4.1	9.4	2.3	1.5	.278	69.2	91.5	4.22	4.03
Jameson Taillon	PIT	25	133.2	25	9	36.0	2.7	8.4	3.1	0.7	.352	70.6	95.3	4.44	3.47
Nick Pivetta	PHI	26	133.0	26	8	30.8	2.5	9.5	3.9	1.7	.332	63.6	94.4	6.02	4.87
Brad Peacock	HOU	34	132.0	21	8	38.1	2.8	11.0	3.9	0.7	.286	76.9	92.1	3.00	3.08
Mike Montgomery	CHC	44	130.2	14	6	42.9	1.8	6.9	3.8	0.7	.253	73.6	92.2	3.38	3.97
Blake Snell	TB	24	129.1	24	7	29.2	2.0	8.3	4.1	1.0	.278	72.6	94.3	4.04	4.28
Jharel Cotton	OAK	24	129.0	24	6	25.0	2.0	7.3	3.7	2.0	.281	67.1	93.0	5.58	5.67
Jerad Eickhoff	PHI	24	128.0	24	8	33.3	2.2	8.3	3.7	1.1	.328	71.5	90.4	4.71	4.26
Hyun-Jin Ryu	LAD	25	126.2	24	6	25.0	2.6	8.2	3.2	1.6	.299	79.5	90.3	3.77	4.73
Adam Wainwright	STL	24	123.1	23	8	34.8	2.1	7.0	3.3	1.0	.326	67.3	89.7	5.11	4.25
Tim Adleman	CIN	30	122.1	20	7	35.0	2.1	7.9	3.8	2.1	.282	68.5	90.1	5.52	5.81
Mike Clevinger	CLE	27	121.2	21	11	52.4	2.3	10.1	4.4	1.0	.274	79.1	92.5	3.11	3.87
Parker Bridwell	LAA	21	121.0	20	13	65.0	2.4	5.4	2.2	1.4	.262	76.2	92.4	3.64	4.80
Joe Biagini	TOR	44	119.2	18	5	27.8	2.3	7.3	3.2	1.1	.305	63.2	93.8	5.34	4.30
Robert Gsellman	NYM	25	119.2	22	8	36.4	2.0	6.2	3.2	1.3	.303	68.1	92.7	5.19	4.76
Rafael Montero	NYM	34	119.0	18	6	33.3	1.7	8.6	5.1	0.9	.366	68.9	93.7	5.52	4.34
Lance McCullers	HOU	22	118.2	22	9	40.9	3.3	10.0	3.0	0.6	.330	67.1	94.2	4.25	2.90
Dinelson Lamet	SD	21	114.1	21	10	47.6	2.6	10.9	4.3	1.4	.261	67.7	95.0	4.57	4.28
Jeremy Hellickson	PHI	20	112.1	20	8	40.0	2.2	5.2	2.4	1.8	-	68.9	90.2	4.73	5.42
Madison Bumgarner	SF	17	111.0	17	12	70.6	5.1	8.2	1.6	1.4	.272	76.9	91.1	3.32	3.93
Jon Gray	COL	20	110.1	20	10	50.0	3.7	9.1	2.4	0.8	.336	73.7	96.0	3.67	3.19
Joe Musgrove	HOU	38	109.1	15	3	20.0	3.5	8.1	2.3	1.5	.316	68.5	92.9	4.77	4.34
Anibal Sanchez	DET	28	105.1	17	7	41.2	3.6	8.9	2.5	2.2	.354	65.5	90.8	6.41	5.29
Kendall Graveman	OAK	19	105.1	19	11	57.9	2.2	6.0	2.7	1.0	.313	72.4	93.4	4.19	4.29
Jose Quintana	CWS	18	104.1	18	9	50.0	2.7	9.4	3.5	1.2	-	69.4	92.1	4.49	4.04
Danny Salazar	CLE	23	103.0	19	7	36.8	3.3	12.7	3.8	1.2	.343	71.8	95.1	4.28	3.48
Adam Conley	MIA	22	102.2	20	8	40.0	1.7	6.3	3.7	1.7	.295	62.8	89.5	6.14	5.47
Daniel Norris	DET	22	101.2	18	6	33.3	2.0	7.6	3.9	1.1	.344	68.4	93.2	5.31	4.38
Seth Lugo	NYM	19	101.1	18	8	44.4	3.4	7.5	2.2	1.2	.325	68.3	91.1	4.71	3.95
Sean Newcomb	ATL	19	100.0	19	7	36.8	1.9	9.7	5.1	0.9	.327	74.1	93.7	4.32	4.11
Jeff Hoffman	COL	23	99.1	16	7	43.8	2.1	7.4	3.6	1.4	.304	61.8	94.4	5.89	4.76
Jakob Junis	KC	20	98.1	16	7	43.8	3.2	7.3	2.3	1.4	.294	71.2	91.2	4.30	4.34
Adalberto Mejia	MIN	21	98.0	21	3	14.3	1.9	7.8	4.0	1.2	.328	74.5	92.5	4.50	4.58
Sonny Gray	OAK	16	97.0	16	11	68.8	3.1	8.7	2.8	0.7	-	72.6	93.0	3.43	3.29
Michael Pineda	NYY	17	96.1	17	9	52.9	4.4	8.6	2.0	1.9	.302	74.0	93.9	4.39	4.66
Matt Harvey	NYM	19	92.2	18	4	22.2	1.4	6.5	4.6	2.0	.307	64.7	93.8	6.70	6.27
Edinson Volquez	MIA	17	92.1	17	6	35.3	1.5	7.9	5.2	0.8	.278	71.5	93.1	4.19	4.35
Yusmeiro Petit	LAA	60	91.1	1	0	0.0	5.6	10.0	1.8	0.9	.267	75.6	89.6	2.76	2.88
Daniel Gossett	OAK	18	91.1	18	7	38.9	2.3	7.1	3.1	2.1	.328	67.5	91.5	6.11	5.66
Homer Bailey	CIN	18	91.0	18	7	38.9	1.6	6.6	4.2	1.1	.346	62.2	93.5	6.43	4.73
Mark Leiter	PHI	27	90.2	11	4	36.4	2.7	8.3	3.1	1.8	.282	68.9	91.0	4.96	4.99
Luis Castillo	CIN	15	89.1	15	8	53.3	3.1	9.9	3.2	1.1	.247	76.5	97.5	3.12	3.72
Ben Lively	PHI	15	88.2	15	10	66.7	2.2	5.3	2.4	1.3	.280	71.3	91.4	4.26	4.77
Sal Romano	CIN	16	87.0	16	5	31.3	2.0	7.6	3.8	0.9	.314	71.4	95.3	4.45	4.19
Jake Faria	TB	16	86.2	14	9	64.3	2.7	8.7	3.2	1.1	.265	75.8	91.8	3.43	4.02
Felix Hernandez	SEA	16	86.2	16	7	43.8	3.0	8.1	2.7	1.8	.288	73.7	90.5	4.36	4.88
Zack Wheeler	NYM	17	86.1	17	6	35.3	2.0	8.4	4.2	1.6	.332	71.3	94.6	5.21	5.02
Tyler Anderson	COL	17	86.0	15	5	33.3	3.1	8.5	2.7	1.7	.304	69.4	92.0	4.81	4.67
Matt Andriese	TB	18	86.0	17	6	35.3	2.7	8.0	2.9	1.7	.296	73.5	92.1	4.50	4.86
Tyler Skaggs	LAA	16	85.0	16	5	31.3	2.7	8.0	3.0	1.4	.318	71.4	91.9	4.55	4.42
Chris Rusin	COL	60	85.0	0	0	0.0	3.7	7.5	2.0	1.0	.277	81.2	91.4	2.65	3.60
Robert Stephenson	CIN	25	84.2	11	4	36.4	1.6	9.1	5.6	1.3	.300	73.8	93.7	4.68	4.95
Jose Quintana	CHC	14	84.1	14	9	64.3	4.7	10.5	2.2	1.0	-	69.0	92.1	3.74	3.04
Austin Pruitt	TB	30	83.0	8	4	50.0	3.0	7.2	2.4	1.2	.345	66.7	91.6	5.31	4.15
Michael Lorenzen	CIN	70	83.0	0	0	0.0	2.4	8.7	3.7	1.0	.295	68.9	96.4	4.45	3.95
Francisco Liriano	TOR	18	82.2	18	5	27.8	1.7	8.1	4.7	1.2	-	65.0	92.9	5.88	4.75
Alex Claudio	TEX	70	82.2	1	0	0.0	3.7	6.1	1.6	0.5	.269	77.8	86.7	2.50	3.19
Brent Suter	MIL	22	81.2	14	4	28.6	2.9	7.1	2.4	0.9	.306	76.3	85.8	3.42	3.74
Chris Devenski	HOU	62	80.2	0	0	0.0	3.8	11.2	2.9	1.2	.220	80.0	94.1	2.68	3.49
Craig Stammen	SD	60	80.1	0	0	0.0	2.6	8.3	3.1	1.3	.263	81.0	91.5	3.14	4.38
Brad Hand	SD	72	79.1	0	0	0.0	5.2	11.8	2.3	1.0	.263	84.6	93.5	2.16	2.83
Mychal Givens	BAL	69	78.2	0	0	0.0	3.5	10.1	2.9	1.1	.251	80.6	95.6	2.75	3.60
Mike Minor	KC	65	77.2	0	0	0.0	4.0	10.2	2.5	0.6	.272	77.0	94.4	2.55	2.65
Ryan Tepera	TOR	73	77.2	0	0	0.0	2.6	9.4	3.6	0.8	.260	70.4	95.0	3.59	3.52
Matt Shoemaker	LAA	14	77.2	14	5	35.7	2.5	8.0	3.2	1.7	.278	72.1	91.5	4.52	5.05
Bryan Shaw	CLE	79	76.2	0	0	0.0	3.3	8.6	2.6	0.6	.311	71.6	95.0	3.52	3.03
Raisel Iglesias	CIN	63	76.0	0	0	0.0	3.4	10.9	3.2	0.6	.287	79.7	96.4	2.49	2.74
Corey Knebel	MIL	76	76.0	0	0	0.0	3.2	14.9	4.7	0.7	.311	89.0	97.4	1.78	2.54
Felipe Vazquez	PIT	73	75.1	0	0	0.0	4.4	10.5	2.4	0.5	.234	84.1	98.5	1.67	2.38
Hector Neris	PHI	74	74.2	0	0	0.0	3.3	10.4	3.1	1.1	.306	81.2	94.7	3.01	3.54
David Price	BOS	16	74.2	11	7	63.6	3.2	9.2	2.9	1.0	.278	75.3	94.3	3.38	3.55
Ross Stripling	LAD	49	74.1	2	0	0.0	3.9	9.0	2.3	1.2	.294	73.1	92.9	3.75	3.75
Joe Ross	WAS	13	73.2	13	7	53.8	3.4	8.3	2.4	2.0	.332	72.8	91.4	5.01	5.02
Archie Bradley	ARI	63	73.0	0	0	0.0	3.8	9.7	2.6	0.5	.276	86.1	96.4	1.73	2.64
Carlos Torres	MIL	67	72.2	0	0	0.0	1.7	6.9	4.1	1.2	.309	76.2	94.0	4.21	4.86
Vince Velasquez	PHI	15	72.0	15	4	26.7	2.0	8.5	4.3	1.9	.303	72.0	93.9	5.13	5.48
Jacob Barnes	MIL	73	72.0	0	0	0.0	2.4	10.0	4.1	1.0	.272	70.7	96.7	4.00	3.84
Luis Garcia	PHI	66	71.1	0	0	0.0	2.3	7.6	3.3	0.4	.282	78.6	97.2	2.65	3.19
Tyler Duffey	MIN	56	71.0	0	0	0.0	3.7	8.5	2.3	1.1	.326	65.9	92.1	4.94	3.75
Amir Garrett	CIN	16	70.2	14	6	42.9	1.6	8.0	5.1	2.9	.264	61.5	91.7	7.39	7.40
Dominic Leone	TOR	65	70.1	0	0	0.0	3.5	10.4	2.9	0.8	.266	79.4	94.4	2.56	3.02
Hector Santiago	MIN	15	70.1	14	5	35.7	1.6	6.5	4.0	1.9	.263	66.3	90.7	5.63	5.89
Junior Guerra	MIL	21	70.1	14	4	28.6	1.6	8.6	5.5	2.3	.236	74.4	91.9	5.12	6.52
Dylan Covey	CWS	18	70.0	12	1	8.3	1.2	5.3	4.4	2.6	.296	58.8	92.6	7.71	7.25
Jesse Hahn	OAK	14	69.2	13	6	46.2	2.0	7.1	3.5	0.5	.327	63.4	93.8	5.30	3.57
Matt Barnes	BOS	70	69.2	0	0	0.0	3.0	10.7	3.6	0.9	.298	70.5	95.2	3.88	3.37
Erasmo Ramirez	TB	26	69.1	8	1	12.5	3.4	7.1	2.1	1.3	-	62.5	91.6	4.80	4.20
Carlos Rodon	CWS	12	69.1	12	6	50.0	2.5	9.9	4.0	1.6	.297	75.9	93.2	4.15	4.64
Chad Green	NYY	40	69.0	1	0	0.0	6.1	13.4	2.2	0.5	.236	78.7	95.8	1.83	1.73
Scott Alexander	KC	58	69.0	0	0	0.0	2.1	7.7	3.7	0.4	.306	81.6	93.2	2.48	3.31
Kenley Jansen	LAD	65	68.1	0	0	0.0	15.6	14.4	0.9	0.7	.291	89.1	93.3	1.32	1.28
Wade LeBlanc	PIT	50	68.0	0	0	0.0	3.2	7.1	2.3	1.3	.269	66.2	87.3	4.50	4.30
Cory Gearrin	SF	68	68.0	0	0	0.0	1.8	8.5	4.6	0.5	.263	86.4	91.7	1.99	3.68
Brad Brach	BAL	67	68.0	0	0	0.0	2.7	9.3	3.4	0.9	.256	75.7	95.0	3.18	3.66
Shane Greene	DET	71	67.2	0	0	0.0	2.1	9.7	4.5	0.8	.265	82.1	95.0	2.66	3.75
Blake Parker	LAA	71	67.1	0	0	0.0	5.4	11.5	2.1	0.9	.229	75.5	93.6	2.54	2.73
Brett Cecil	STL	73	67.1	0	0	0.0	4.1	8.8	2.1	0.9	.319	71.1	91.5	3.88	3.33
Alex Meyer	LAA	13	67.1	13	6	46.2	1.8	10.0	5.6	0.8	.255	73.8	95.7	3.74	4.06
Cody Allen	CLE	69	67.1	0	0	0.0	4.4	12.3	2.8	1.2	.304	81.2	94.3	2.94	3.17
Alex Colome	TB	65	66.2	0	0	0.0	2.5	7.8	3.1	0.5	.275	73.7	95.1	3.24	3.31
Steven Matz	NYM	13	66.2	13	4	30.8	2.5	6.5	2.6	1.6	.329	63.3	93.1	6.08	4.98
Carl Edwards Jr.	CHC	73	66.1	0	0	0.0	2.5	12.8	5.2	0.8	.193	73.8	95.2	2.98	3.32
Miguel Castro	BAL	39	66.1	1	0	0.0	1.4	5.2	3.8	1.1	.227	75.3	95.6	3.53	4.93
Kyle Barraclough	MIA	66	66.0	0	0	0.0	2.0	10.4	5.2	0.7	.291	80.2	94.8	3.00	3.67
Danny Barnes	TOR	60	66.0	0	0	0.0	2.6	8.5	3.3	1.5	.222	75.4	92.0	3.55	4.62
Edwin Diaz	SEA	66	66.0	0	0	0.0	2.8	12.1	4.4	1.4	.236	78.8	97.3	3.27	3.98
Paul Sewald	NYM	57	65.1	0	0	0.0	3.3	9.5	2.9	1.1	.287	64.8	91.4	4.55	3.68
Andrew Triggs	OAK	12	65.1	12	6	50.0	2.6	6.9	2.6	1.2	.294	71.8	88.9	4.27	4.36
Sonny Gray	NYY	11	65.1	11	6	54.5	2.2	8.1	3.7	1.5	-	77.5	93.0	3.72	4.86
Wandy Peralta	CIN	69	64.2	0	0	0.0	2.4	7.9	3.3	1.1	.260	72.5	96.5	3.76	4.20
Chris Beck	CWS	57	64.2	0	0	0.0	1.2	5.8	4.7	2.2	.288	67.0	94.6	6.40	6.75
Zach Eflin	PHI	11	64.1	11	5	45.5	2.9	4.9	1.7	2.2	.297	62.7	92.7	6.16	5.92
Roberto Osuna	TOR	66	64.0	0	0	0.0	9.2	11.7	1.3	0.4	.285	59.6	94.6	3.38	1.65
Liam Hendriks	OAK	70	64.0	0	0	0.0	3.4	11.0	3.2	1.0	.303	68.5	94.7	4.22	3.30
Pedro Baez	LAD	66	64.0	0	0	0.0	2.2	9.0	4.1	1.3	.267	84.2	97.0	2.95	4.43
Richard Bleier	BAL	57	63.1	0	0	0.0	2.0	3.7	1.8	0.9	.259	88.4	89.1	1.99	4.25
Collin McHugh	HOU	12	63.1	12	5	41.7	3.1	8.8	2.8	1.0	.313	76.0	90.2	3.55	3.66
Ken Giles	HOU	63	62.2	0	0	0.0	4.0	11.9	3.0	0.6	.290	80.3	98.1	2.30	2.42
Andrew Miller	CLE	57	62.2	0	0	0.0	4.5	13.6	3.0	0.4	.233	85.7	94.0	1.44	1.83
Randall Delgado	ARI	26	62.2	5	0	0.0	4.3	8.6	2.0	0.9	.302	72.1	94.2	3.59	3.22
Brian Duensing	CHC	68	62.1	0	0	0.0	3.4	8.8	2.6	0.9	.306	81.4	91.9	2.74	3.39
Sam Gaviglio	SEA	12	62.1	11	4	36.4	1.9	5.8	3.0	2.2	-	75.4	88.6	4.62	6.09
Zach McAllister	CLE	50	62.0	0	0	0.0	3.1	9.6	3.0	1.2	.294	84.8	95.4	2.61	3.80
Erasmo Ramirez	SEA	11	62.0	11	7	63.6	3.6	7.8	2.2	1.7	-	75.0	91.6	3.92	4.72
Tyler Glasnow	PIT	15	62.0	13	3	23.1	1.3	8.1	6.4	1.9	.358	64.3	94.6	7.69	6.32
Heath Hembree	BOS	62	62.0	0	0	0.0	3.9	10.2	2.6	1.5	.360	81.3	95.4	3.63	3.94
Daniel Hudson	PIT	71	61.2	0	0	0.0	2.0	9.6	4.8	1.0	.313	72.3	95.6	4.38	4.19
Hunter Strickland	SF	68	61.1	0	0	0.0	2.0	8.5	4.3	0.6	.314	83.3	95.7	2.64	3.62
Ryan Pressly	MIN	57	61.1	0	0	0.0	3.2	9.0	2.8	1.5	.264	63.9	95.8	4.70	4.29
Luke Gregerson	HOU	65	61.0	0	0	0.0	3.5	10.3	3.0	1.9	.306	73.9	89.5	4.57	4.69
Trevor Cahill	SD	11	61.0	11	4	36.4	3.0	10.6	3.5	0.9	-	75.0	90.9	3.69	3.34
Matt Albers	WAS	63	61.0	0	0	0.0	3.7	9.3	2.5	0.9	.203	89.1	93.3	1.62	3.28
Darren O'Day	BAL	64	60.1	0	0	0.0	3.2	11.3	3.6	1.2	.256	73.7	87.7	3.43	3.64
Pedro Strop	CHC	69	60.1	0	0	0.0	2.5	9.7	3.9	0.6	.270	77.6	96.1	2.83	3.24
Luke Weaver	STL	13	60.1	10	4	40.0	4.2	10.7	2.5	1.0	.335	72.5	93.2	3.88	3.20
Alec Asher	BAL	24	60.0	6	3	50.0	2.0	7.1	3.5	1.5	.287	66.2	90.9	5.25	4.99
Dan Otero	CLE	52	60.0	0	0	0.0	4.2	5.7	1.4	0.9	.302	80.3	90.0	2.85	3.70
Alex Wilson	DET	66	60.0	0	0	0.0	2.8	6.3	2.3	1.1	.311	69.3	92.8	4.50	4.09
Sam Freeman	ATL	58	60.0	0	0	0.0	2.2	8.9	4.1	0.4	.278	80.6	95.1	2.55	3.28
Juan Nicasio	PIT	65	60.0	0	0	0.0	3.3	9.0	2.7	0.6	-	76.2	95.4	2.85	3.00
Jared Hughes	MIL	67	59.2	0	0	0.0	2.0	7.2	3.6	0.6	.278	76.8	93.5	3.02	3.71
Dellin Betances	NYY	66	59.2	0	0	0.0	2.3	15.1	6.6	0.5	.252	77.1	98.5	2.87	2.79
Seung Hwan Oh	STL	62	59.1	0	0	0.0	3.6	8.2	2.3	1.5	.319	76.7	92.9	4.10	4.35
Kelvin Herrera	KC	64	59.1	0	0	0.0	2.8	8.5	3.0	1.4	.295	73.2	97.5	4.25	4.33
Andrew Moore	SEA	11	59.0	9	4	44.4	3.9	4.7	1.2	2.1	.243	61.1	90.8	5.34	5.65
Matt Bowman	STL	75	58.2	0	0	0.0	2.6	7.1	2.8	0.6	.276	66.7	91.0	3.99	3.47
Paul Blackburn	OAK	10	58.2	10	5	50.0	1.4	3.4	2.5	0.8	.273	76.8	90.2	3.22	4.40
Chris Stratton	SF	13	58.2	10	5	50.0	1.8	7.8	4.3	0.8	.316	76.8	91.6	3.68	4.05
Tommy Hunter	TB	61	58.2	0	0	0.0	4.6	9.8	2.1	0.9	.259	78.4	96.3	2.61	3.09
Wade Davis	CHC	59	58.2	0	0	0.0	2.8	12.1	4.3	0.9	.262	85.2	94.3	2.30	3.32
Scott Oberg	COL	66	58.1	0	0	0.0	2.3	8.5	3.7	0.6	.367	68.9	96.3	4.94	3.48
Keynan Middleton	LAA	64	58.1	0	0	0.0	3.5	9.7	2.8	1.7	.318	79.1	96.8	3.86	4.45
Odrisamer Despaigne	MIA	18	58.1	8	5	62.5	1.3	4.8	3.7	0.5	.280	70.5	92.3	4.01	4.08
Joe Kelly	BOS	54	58.0	0	0	0.0	1.9	8.1	4.2	0.5	.252	77.3	99.0	2.79	3.52
Lucas Sims	ATL	14	57.2	10	3	30.0	1.9	6.9	3.6	1.4	.314	65.4	91.8	5.62	4.94
Edubray Ramos	PHI	59	57.2	0	0	0.0	2.7	11.7	4.4	0.6	.356	71.6	94.4	4.21	3.01
Tony Barnette	TEX	50	57.1	0	0	0.0	2.6	8.9	3.5	1.1	.348	64.6	92.9	5.49	3.99
Arodys Vizcaino	ATL	62	57.1	0	0	0.0	3.0	10.0	3.3	1.1	.248	80.4	97.8	2.83	3.69
Jake McGee	COL	62	57.1	0	0	0.0	3.6	9.1	2.5	0.6	.287	67.8	94.9	3.61	2.95
Wily Peralta	MIL	19	57.1	8	2	25.0	1.6	8.2	5.0	1.6	.362	57.9	96.0	7.85	5.38
Hector Rondon	CHC	61	57.1	0	0	0.0	3.5	10.8	3.1	1.6	.292	71.7	96.4	4.24	4.14
Greg Holland	COL	61	57.1	0	0	0.0	2.7	11.0	4.1	1.1	.252	72.9	93.5	3.61	3.75
Josh Fields	LAD	57	57.0	0	0	0.0	4.0	9.5	2.4	1.6	.219	82.2	95.4	2.84	4.19
Hansel Robles	NYM	46	56.2	0	0	0.0	2.1	9.5	4.6	1.6	.259	68.2	94.9	4.92	4.96
Josh Smoker	NYM	54	56.1	0	0	0.0	2.1	10.9	5.1	1.6	.351	74.4	94.6	5.11	4.85
Joakim Soria	KC	59	56.0	0	0	0.0	3.2	10.3	3.2	0.2	.329	67.6	92.9	3.70	2.25
Tom Koehler	MIA	12	55.2	12	2	16.7	1.5	7.1	4.7	2.4	-	58.0	92.9	7.92	6.74
Kirby Yates	SD	61	55.2	0	0	0.0	4.6	14.1	3.1	1.6	-	74.5	94.1	3.72	3.47
Taylor Rogers	MIN	69	55.2	0	0	0.0	2.3	7.9	3.4	1.0	.291	80.6	93.2	3.07	4.01
Justin Grimm	CHC	50	55.1	0	0	0.0	2.2	9.6	4.4	2.0	.263	64.5	94.9	5.53	5.40
Fernando Rodney	ARI	61	55.1	0	0	0.0	2.5	10.6	4.2	0.5	.274	63.5	94.6	4.23	3.01
Junichi Tazawa	MIA	55	55.1	0	0	0.0	1.7	6.2	3.6	1.3	.280	60.9	92.7	5.69	4.94
Gregory Infante	CWS	52	54.2	0	0	0.0	2.5	8.1	3.3	0.7	.272	75.4	95.5	3.13	3.49
Nick Goody	CLE	56	54.2	0	0	0.0	3.6	11.9	3.3	1.2	.269	80.8	91.7	2.80	3.36
Adam Morgan	PHI	37	54.2	0	0	0.0	3.5	10.4	3.0	1.6	.297	74.6	94.4	4.12	4.29
Francis Martes	HOU	32	54.1	4	0	0.0	2.2	11.4	5.1	1.2	.328	62.7	95.6	5.80	4.10
Christian Bergman	SEA	13	54.0	8	3	37.5	2.2	5.5	2.5	2.0	.293	71.9	88.3	5.00	5.73
Tyler Lyons	STL	50	54.0	0	0	0.0	3.4	11.3	3.3	0.5	.295	75.0	90.1	2.83	2.55
T.J. McFarland	ARI	43	54.0	1	0	0.0	1.7	4.8	2.8	0.7	.323	64.1	91.6	5.33	4.06
James Pazos	SEA	59	53.2	0	0	0.0	2.7	10.9	4.0	1.2	.317	76.5	95.5	3.86	3.86
Jarlin Garcia	MIA	68	53.1	0	0	0.0	2.5	7.1	2.9	1.0	.263	62.1	94.2	4.73	4.08
Adam Ottavino	COL	63	53.1	0	0	0.0	1.6	10.6	6.6	1.4	.310	72.2	94.4	5.06	5.05
Oliver Drake	MIL	61	52.2	0	0	0.0	2.7	10.1	3.8	1.0	-	72.6	91.9	4.44	3.74
Matt Bush	TEX	57	52.1	0	0	0.0	3.1	10.0	3.3	1.2	.329	78.3	97.5	3.78	3.85
A.J. Cole	WAS	11	52.0	8	3	37.5	1.6	7.6	4.7	1.4	.293	80.0	93.1	3.81	5.12
Jeremy Hellickson	BAL	10	51.2	10	5	50.0	1.8	5.4	3.0	2.3	-	49.1	90.2	6.97	6.29
George Kontos	SF	50	51.2	0	0	0.0	3.2	9.6	3.0	1.4	-	77.0	91.0	3.83	4.10
Daniel Coulombe	OAK	72	51.2	0	0	0.0	1.8	6.8	3.8	0.7	.280	75.0	91.0	3.48	4.02
John Brebbia	STL	50	51.2	0	0	0.0	4.6	8.9	1.9	1.4	.216	85.0	94.2	2.44	3.90
Andrew Chafin	ARI	71	51.1	0	0	0.0	2.9	10.7	3.7	0.9	.326	76.6	93.7	3.51	3.36
Luke Jackson	ATL	43	50.2	0	0	0.0	1.7	5.9	3.4	0.7	.311	68.6	94.7	4.62	4.09
Aroldis Chapman	NYY	52	50.1	0	0	0.0	3.5	12.3	3.6	0.5	.298	72.2	100.1	3.22	2.46
Mike Dunn	COL	68	50.1	0	0	0.0	2.0	10.2	5.0	1.4	.276	73.0	92.4	4.47	4.73
Emilio Pagan	SEA	34	50.1	0	0	0.0	7.0	10.0	1.4	1.3	.258	72.5	93.6	3.22	3.28
Matt Grace	WAS	40	50.0	1	0	0.0	1.7	5.6	3.2	0.5	.294	67.7	91.0	4.32	3.86
Yu Darvish	LAD	9	49.2	9	4	44.4	4.7	11.1	2.4	1.3	-	76.0	94.2	3.44	3.39
James Hoyt	HOU	43	49.1	0	0	0.0	4.7	12.0	2.6	1.3	.361	70.7	93.4	4.38	3.25
Tyson Ross	TEX	12	49.0	10	1	10.0	1.0	6.6	6.8	1.3	.305	57.8	91.6	7.71	5.93
Jerry Blevins	NYM	75	49.0	0	0	0.0	2.9	12.7	4.4	0.7	.336	81.0	88.9	2.94	2.96
Ian Krol	ATL	51	49.0	0	0	0.0	2.1	8.1	3.9	1.5	.307	66.7	93.3	5.33	4.86
Addison Reed	NYM	48	49.0	0	0	0.0	8.0	8.8	1.1	1.1	-	83.7	92.3	2.57	3.21
Jose Alvarez	LAA	64	48.2	0	0	0.0	3.8	8.3	2.2	1.3	.309	74.5	91.1	3.88	3.98
Anthony Swarzak	CWS	41	48.1	0	0	0.0	4.0	9.7	2.4	0.4	-	79.2	94.7	2.23	2.42
Justin Nicolino	MIA	20	48.0	8	1	12.5	1.3	4.9	3.8	1.5	.333	75.6	90.8	5.06	5.57
Chris Flexen	NYM	14	48.0	9	1	11.1	1.0	6.8	6.6	2.1	.342	64.0	92.4	7.88	6.94
Buck Farmer	DET	11	48.0	11	2	18.2	2.5	9.2	3.8	1.7	.336	59.1	91.7	6.75	4.89
Michael Feliz	HOU	46	48.0	0	0	0.0	3.2	13.1	4.1	1.5	.381	67.2	96.2	5.63	3.87
Josh Hader	MIL	35	47.2	0	0	0.0	3.1	12.8	4.2	0.8	.233	83.7	94.3	2.08	2.87
Trevor Rosenthal	STL	50	47.2	0	0	0.0	3.8	14.3	3.8	0.6	.337	72.2	98.4	3.40	2.13
Reynaldo Lopez	CWS	8	47.2	8	5	62.5	2.1	5.7	2.6	1.3	.271	67.9	94.5	4.72	4.76
David Phelps	MIA	44	47.0	0	0	0.0	2.4	9.8	4.0	1.0	-	77.6	94.3	3.45	3.80
Tony Watson	PIT	47	46.2	0	0	0.0	2.5	6.8	2.7	1.4	-	81.3	93.6	3.66	4.58
Jordan Lyles	COL	33	46.2	0	0	0.0	2.8	6.4	2.3	2.1	-	59.7	93.8	6.94	5.65
Dan Altavilla	SEA	41	46.2	0	0	0.0	2.6	10.0	3.9	1.7	.281	75.9	96.7	4.24	4.81
Chad Bettis	COL	9	46.1	9	3	33.3	2.7	5.8	2.1	1.6	.293	67.3	90.2	5.05	4.89
Luis Avilan	LAD	61	46.0	0	0	0.0	2.4	10.2	4.3	0.4	.342	79.0	92.7	2.93	2.99
Jose Leclerc	TEX	47	45.2	0	0	0.0	1.5	11.8	7.9	0.8	.204	72.9	95.8	3.94	4.43
Chasen Shreve	NYY	44	45.1	0	0	0.0	2.3	11.5	5.0	1.6	.252	78.8	92.7	3.77	4.64
Lucas Giolito	CWS	7	45.1	7	5	71.4	2.8	6.8	2.4	1.6	.189	88.6	92.1	2.38	4.81
Will Harris	HOU	46	45.1	0	0	0.0	7.4	10.3	1.4	1.4	.270	78.4	92.0	2.98	3.39
Nathan Karns	KC	9	45.1	8	3	37.5	3.9	10.1	2.6	1.8	.283	73.3	92.9	4.17	4.42
Brandon Kintzler	MIN	45	45.1	0	0	0.0	2.5	5.4	2.2	0.6	-	77.6	93.4	2.78	3.62
Kevin McCarthy	KC	33	45.0	0	0	0.0	2.1	5.4	2.6	0.8	.303	79.7	93.0	3.20	4.05
Brian Ellington	MIA	42	44.2	0	0	0.0	1.4	9.7	7.1	1.4	.333	61.8	98.2	7.25	5.52
Cam Bedrosian	LAA	48	44.2	0	0	0.0	3.1	10.7	3.4	1.0	.313	67.9	93.9	4.43	3.46
Brandon Morrow	LAD	45	43.2	0	0	0.0	5.6	10.3	1.9	0.0	.282	75.0	97.7	2.06	1.55
Donnie Hart	BAL	51	43.2	0	0	0.0	2.2	6.0	2.7	1.0	.309	76.8	87.6	3.71	4.28
Juan Minaya	CWS	40	43.2	0	0	0.0	2.6	10.5	4.1	1.4	.304	70.6	94.2	4.53	4.37
Josh Osich	SF	54	43.1	0	0	0.0	1.6	8.9	5.6	1.5	.333	66.2	95.3	6.23	5.25
Brandon Woodruff	MIL	8	43.0	8	3	37.5	2.3	6.7	2.9	1.0	.292	65.4	94.3	4.81	4.23
Daniel Mengden	OAK	7	43.0	7	4	57.1	3.2	6.1	1.9	1.3	.240	76.9	92.1	3.14	4.31
Phil Maton	SD	46	43.0	0	0	0.0	3.3	9.6	2.9	2.1	.284	77.8	93.0	4.19	5.09
Nick Wittgren	MIA	38	42.1	0	0	0.0	3.3	9.1	2.8	1.1	.339	68.5	92.4	4.68	3.66
Sam Tuivailala	STL	37	42.1	0	0	0.0	3.1	7.2	2.3	0.9	.258	81.0	95.4	2.55	3.63
Trevor Hildenberger	MIN	37	42.0	0	0	0.0	7.3	9.4	1.3	0.9	.304	72.5	88.8	3.21	2.79
Ryan Dull	OAK	49	42.0	0	0	0.0	2.8	9.6	3.4	1.5	.283	63.0	91.3	5.14	4.40
Miguel Diaz	SD	31	41.2	3	0	0.0	1.3	7.1	5.4	2.4	.275	60.3	95.9	7.34	6.91
J.J. Hoover	ARI	52	41.1	0	0	0.0	2.1	11.8	5.7	1.5	.367	83.3	92.6	3.92	4.74
Jeremy Jeffress	TEX	39	40.2	0	0	0.0	1.5	6.4	4.2	1.8	-	73.3	94.5	5.31	5.78
Pat Neshek	PHI	43	40.1	0	0	0.0	9.0	10.0	1.1	0.4	-	90.3	90.3	1.12	2.00
Justin Wilson	DET	42	40.1	0	0	0.0	3.4	12.3	3.6	1.1	-	78.8	96.0	2.68	3.31
Brandon Workman	BOS	33	39.2	0	0	0.0	3.4	8.4	2.5	1.6	.283	82.9	92.3	3.18	4.49
Jonathan Holder	NYY	37	39.1	0	0	0.0	5.0	9.2	1.8	1.1	.348	75.0	92.7	3.89	3.45
Brandon Maurer	SD	42	39.1	0	0	0.0	4.8	8.7	1.8	0.9	-	51.2	96.6	5.72	3.22
Keone Kela	TEX	39	38.2	0	0	0.0	3.0	11.9	4.0	0.9	.179	74.2	96.5	2.79	3.27
Ryan Buchter	SD	42	38.1	0	0	0.0	2.6	11.0	4.2	1.6	-	84.6	92.8	3.05	4.58
Sam Dyson	SF	38	38.0	0	0	0.0	1.5	6.4	4.3	0.5	-	71.2	95.1	4.03	3.93
Blake Treinen	OAK	35	38.0	0	0	0.0	3.5	9.9	2.8	0.7	-	85.4	97.2	2.13	2.99
Blake Treinen	WAS	37	37.2	0	0	0.0	2.5	7.6	3.1	0.7	-	63.8	97.2	5.73	3.61
Daniel Stumpf	DET	55	37.2	0	0	0.0	2.2	7.9	3.6	1.2	.305	76.6	93.7	3.82	4.41
Derek Law	SF	41	37.1	0	0	0.0	2.5	8.4	3.4	1.2	.357	70.4	93.7	5.06	4.23
Zack Britton	BAL	38	37.1	0	0	0.0	1.6	7.0	4.3	0.2	.336	80.4	96.1	2.89	3.49
Josh Edgin	NYM	46	37.0	0	0	0.0	1.5	6.6	4.4	0.7	.319	77.8	91.3	3.65	4.30
Marco Gonzales	SEA	10	36.2	7	0	0.0	2.7	7.4	2.7	1.2	-	71.2	91.5	5.40	4.27
Chris Hatcher	LAD	26	36.2	0	0	0.0	3.6	10.6	2.9	1.7	-	71.4	94.6	4.66	4.35
David Hernandez	LAA	38	36.1	0	0	0.0	4.6	9.2	2.0	0.0	-	75.7	93.7	2.23	1.85
Tommy Kahnle	CWS	37	36.0	0	0	0.0	8.6	15.0	1.8	0.8	-	78.1	97.9	2.50	1.55
Aaron Sanchez	TOR	8	36.0	8	3	37.5	1.2	6.0	5.0	1.5	.310	80.4	95.0	4.25	5.76
Luis Cessa	NYY	10	36.0	5	0	0.0	1.8	7.5	4.3	1.8	.282	73.9	95.6	4.75	5.52
Robby Scott	BOS	57	35.2	0	0	0.0	2.4	7.8	3.3	1.8	.172	71.4	88.6	3.79	5.14
Joe Smith	TOR	38	35.2	0	0	0.0	5.1	12.9	2.5	0.8	-	73.0	89.0	3.28	2.30
David Robertson	NYY	30	35.0	0	0	0.0	4.3	13.1	3.1	0.5	-	91.7	91.6	1.03	2.09
Buddy Boshers	MIN	38	35.0	0	0	0.0	2.8	7.2	2.6	1.8	.283	70.0	90.7	4.89	5.09
Danny Farquhar	TB	37	35.0	0	0	0.0	1.5	8.5	5.7	0.5	-	70.8	93.1	4.11	4.01
Josh Smith	OAK	26	35.0	0	0	0.0	1.7	6.4	3.9	0.8	.296	66.0	91.2	4.89	4.21
Drew Steckenrider	MIA	37	34.2	0	0	0.0	3.0	14.0	4.7	1.0	.347	88.6	95.3	2.34	3.19
Matt Strahm	KC	24	34.2	3	0	0.0	1.7	9.6	5.7	1.6	.279	67.4	93.6	5.45	5.28
Steven Brault	PIT	11	34.2	4	1	25.0	1.6	6.0	3.6	0.8	.317	71.2	91.9	4.67	4.25
Gabriel Ynoa	BAL	9	34.2	4	1	25.0	3.3	6.8	2.1	1.3	.318	73.8	94.3	4.15	4.29
Felix Pena	CHC	25	34.1	0	0	0.0	2.1	9.7	4.7	2.1	.300	73.3	94.3	5.24	5.70
Brock Stewart	LAD	17	34.1	4	0	0.0	1.5	7.6	5.0	1.0	.255	79.1	93.3	3.41	4.74
Drew VerHagen	DET	24	34.1	2	0	0.0	2.8	6.6	2.4	2.6	.317	70.7	94.0	5.77	6.34
Justin Verlander	HOU	5	34.0	5	5	100.0	8.6	11.4	1.3	1.1	-	100.0	95.2	1.06	2.66
Chasen Bradford	NYM	28	33.2	0	0	0.0	2.1	7.2	3.5	0.8	.270	72.5	90.6	3.74	3.95
Blaine Hardy	DET	35	33.1	0	0	0.0	2.2	7.6	3.5	1.9	.361	71.2	89.9	5.94	5.46
Brett Anderson	TOR	7	33.1	7	2	28.6	2.4	5.9	2.4	0.8	-	64.4	90.5	5.13	3.89
David Robertson	CWS	31	33.1	0	0	0.0	4.3	12.7	3.0	1.1	-	78.6	91.6	2.70	2.96
Oliver Perez	WAS	50	33.0	0	0	0.0	3.3	10.6	3.3	1.1	.333	67.5	93.0	4.64	3.54
Wei-Yin Chen	MIA	9	33.0	5	3	60.0	2.8	6.8	2.5	0.8	.234	64.5	90.9	3.82	3.71
Austin Brice	CIN	22	32.2	0	0	0.0	3.7	7.2	1.9	1.7	.284	64.7	93.8	4.96	4.66
Bryan Mitchell	NYY	20	32.2	1	0	0.0	1.3	4.7	3.6	0.6	.333	64.2	96.0	5.79	4.19
Matt Wisler	ATL	20	32.1	1	0	0.0	1.7	6.1	3.6	1.4	.342	51.0	92.6	8.35	5.10
Carlos Estevez	COL	35	32.1	0	0	0.0	2.2	8.6	3.9	0.8	.360	66.0	97.1	5.57	3.83
Kyle Crick	SF	30	32.1	0	0	0.0	1.6	7.8	4.7	0.6	.233	75.7	95.5	3.06	3.90
Mike Leake	SEA	5	32.0	5	4	80.0	13.5	7.6	0.6	0.3	-	75.8	90.1	2.53	2.11
Jeff Locke	MIA	7	32.0	7	0	0.0	1.7	7.3	4.2	1.1	.355	52.8	90.5	8.16	4.65
Frankie Montas	OAK	23	32.0	0	0	0.0	1.8	10.1	5.6	2.8	.349	69.4	97.7	7.03	6.95
Hoby Milner	PHI	37	31.1	0	0	0.0	1.4	6.3	4.6	0.6	.295	88.6	89.1	2.01	4.21
Marc Rzepczynski	SEA	64	31.1	0	0	0.0	1.3	7.2	5.7	0.6	.307	74.5	92.4	4.02	4.41
Dillon Peters	MIA	6	31.1	6	2	33.3	1.4	7.8	5.5	0.9	.330	68.8	91.4	5.17	4.60
Sergio Romo	TB	25	30.2	0	0	0.0	4.0	8.2	2.1	0.6	-	87.5	86.1	1.47	2.93
Noah Syndergaard	NYM	7	30.1	7	4	57.1	11.3	10.1	0.9	0.0	.337	68.8	98.3	2.97	1.26
Sean Doolittle	WAS	30	30.0	0	0	0.0	3.9	9.3	2.4	0.6	-	78.6	94.7	2.40	2.83
Mark Melancon	SF	32	30.0	0	0	0.0	4.8	8.7	1.8	0.9	.374	70.0	92.2	4.50	3.19
Ricardo Pinto	PHI	25	29.2	0	0	0.0	1.5	7.6	5.2	2.1	.333	61.2	95.4	7.89	6.36
Jose Alvarado	TB	35	29.2	0	0	0.0	3.2	8.8	2.7	0.3	.274	65.6	98.3	3.64	2.62
Luiz Gohara	ATL	5	29.1	5	2	40.0	3.9	9.5	2.5	0.6	.366	63.2	96.3	4.91	2.82
Brad Boxberger	TB	30	29.1	0	0	0.0	3.6	12.3	3.4	1.2	.292	76.7	92.3	3.38	3.41
Anthony Swarzak	MIL	29	29.0	0	0	0.0	4.3	12.1	2.8	1.2	-	84.6	94.7	2.48	3.27
Michael Ynoa	CWS	22	29.0	0	0	0.0	1.0	7.1	6.8	1.2	.276	67.4	92.8	5.90	5.76
David Paulino	HOU	6	29.0	6	1	16.7	4.9	10.6	2.2	2.5	.359	62.9	92.7	6.52	5.19
Chase De Jong	SEA	7	28.1	4	1	25.0	1.0	4.1	4.1	1.6	.277	61.5	90.1	6.35	6.00
Garrett Richards	LAA	6	27.2	6	1	16.7	3.9	8.8	2.3	0.3	.233	75.0	95.8	2.28	2.50
Tommy Milone	NYM	11	27.1	5	0	0.0	1.8	7.2	4.0	3.0	-	56.4	88.0	8.56	7.23
Addison Reed	BOS	29	27.0	0	0	0.0	3.1	9.3	3.0	1.7	-	75.0	92.3	3.33	4.57
Ryan Buchter	KC	29	27.0	0	0	0.0	2.3	6.0	2.7	1.0	-	76.2	92.8	2.67	4.23
Jake Barrett	ARI	28	27.0	0	0	0.0	1.7	8.7	5.0	2.3	.274	77.1	96.1	5.00	6.37
Steven Okert	SF	44	27.0	0	0	0.0	2.0	7.3	3.7	1.0	.266	56.3	91.9	5.67	4.28
Brian Johnson	BOS	5	27.0	5	2	40.0	2.6	7.0	2.7	1.7	.310	77.1	87.3	4.33	4.97
Tommy Kahnle	NYY	32	26.2	0	0	0.0	3.6	12.1	3.4	0.3	-	79.4	97.9	2.70	2.15
Kevin Quackenbush	SD	20	26.1	0	0	0.0	1.4	7.9	5.5	1.7	.338	58.1	90.7	7.86	5.81
Max Fried	ATL	9	26.0	4	0	0.0	1.8	7.6	4.2	1.0	.338	79.5	92.4	3.81	4.44
Sammy Solis	WAS	30	26.0	0	0	0.0	2.2	9.7	4.5	1.4	.269	58.1	93.9	5.88	4.60
Shawn Kelley	WAS	33	26.0	0	0	0.0	2.3	8.7	3.8	4.2	.236	67.9	91.8	7.27	8.59
Brandon Kintzler	WAS	27	26.0	0	0	0.0	2.4	4.2	1.7	0.7	-	71.4	93.4	3.46	3.87
Jake Petricka	CWS	27	25.2	0	0	0.0	4.3	9.1	2.1	2.1	.398	64.1	94.2	7.01	4.94
Anthony Banda	ARI	8	25.2	4	1	25.0	2.5	8.8	3.5	0.4	.329	54.3	94.2	5.96	2.97
Dovydas Neverauskas	PIT	24	25.1	0	0	0.0	2.1	6.0	2.8	1.4	.267	75.0	97.0	3.91	4.89
Jackson Stephens	CIN	7	25.0	4	1	25.0	2.3	7.6	3.2	2.2	.203	68.2	93.4	4.68	5.76
Braden Shipley	ARI	10	25.0	3	0	0.0	1.2	6.5	5.4	1.8	.317	73.2	92.7	5.76	6.22
Mike Wright	BAL	13	25.0	0	0	0.0	4.0	10.1	2.5	1.8	.318	60.7	93.6	5.76	4.43
Sergio Romo	LAD	30	25.0	0	0	0.0	2.6	11.2	4.3	2.5	-	64.3	86.1	6.12	5.85
Deolis Guerra	LAA	19	25.0	0	0	0.0	1.8	7.9	4.3	1.4	.239	67.9	91.7	4.68	5.01
Jeremy Jeffress	MIL	22	24.2	1	0	0.0	1.5	8.0	5.5	0.7	-	78.4	94.5	3.65	4.36
Steve Cishek	TB	26	24.2	0	0	0.0	3.7	9.5	2.6	0.0	-	85.0	90.3	1.09	1.97
Jeurys Familia	NYM	26	24.2	0	0	0.0	1.7	9.1	5.5	0.4	.290	68.6	95.9	4.38	3.59
Shawn Armstrong	CLE	21	24.2	0	0	0.0	2.0	7.3	3.6	1.8	.250	75.0	93.2	4.38	5.47
Hector Velazquez	BOS	8	24.2	3	0	0.0	2.7	6.9	2.6	1.5	.258	83.3	89.6	2.92	4.65
Ariel Hernandez	CIN	19	24.1	0	0	0.0	1.3	10.7	8.1	2.2	.157	73.3	98.0	5.18	6.82
Steven Wright	BOS	5	24.0	5	1	20.0	2.6	4.9	1.9	3.4	.365	63.9	83.7	8.25	7.64
Rex Brothers	ATL	27	23.2	0	0	0.0	2.8	12.5	4.6	1.1	.357	50.0	95.4	7.23	3.63
Grant Dayton	LAD	29	23.2	0	0	0.0	1.7	7.6	4.6	1.9	.215	69.2	91.2	4.94	5.83
Julio Urias	LAD	5	23.1	5	1	20.0	0.8	4.2	5.4	0.4	.293	63.9	93.1	5.40	4.67
Carson Fulmer	CWS	7	23.1	5	2	40.0	1.5	7.3	5.0	1.5	.190	76.0	93.3	3.86	5.53
Tony Cingrani	CIN	25	23.1	0	0	0.0	4.0	9.3	2.3	3.5	-	77.3	94.4	5.40	6.95
Chris Hatcher	OAK	23	23.0	0	0	0.0	2.2	7.8	3.5	1.2	-	77.8	94.6	3.52	4.37
Trevor Cahill	KC	10	23.0	3	0	0.0	0.7	5.9	8.2	3.9	-	75.0	90.9	8.22	10.38
Jordan Lyles	SD	5	23.0	5	0	0.0	2.2	8.6	3.9	2.0	-	52.5	93.8	9.39	5.46
Jeanmar Gomez	PHI	18	22.1	0	0	0.0	3.0	8.5	2.8	2.8	.381	64.5	90.6	7.25	6.37
Rob Scahill	MIL	18	22.1	0	0	0.0	1.0	4.0	4.0	1.2	.254	71.4	93.9	4.43	5.44
Eduardo Paredes	LAA	18	22.1	0	0	0.0	2.8	6.9	2.4	0.8	.297	64.0	93.2	4.43	3.67
Matt Dermody	TOR	23	22.1	0	0	0.0	3.0	6.0	2.0	2.4	.254	77.3	92.1	4.43	6.04
Shelby Miller	ARI	4	22.0	4	1	25.0	1.7	8.2	4.9	0.4	.288	71.0	94.9	4.09	3.66
Brett Anderson	CHC	6	22.0	6	1	16.7	1.3	6.5	4.9	0.8	-	59.1	90.5	8.18	4.62
Pat Neshek	COL	28	22.0	0	0	0.0	24.0	9.8	0.4	0.4	-	75.0	90.3	2.45	1.75
Aaron Bummer	CWS	30	22.0	0	0	0.0	1.1	7.0	6.1	1.6	.167	70.8	93.2	4.50	6.13
Andrew Heaney	LAA	5	21.2	5	1	20.0	3.0	11.2	3.7	5.0	.283	79.2	91.9	7.06	9.20
Jack Flaherty	STL	6	21.1	5	0	0.0	2.0	8.4	4.2	1.7	.322	62.1	93.2	6.33	5.22
Sean Doolittle	OAK	23	21.1	0	0	0.0	15.5	13.1	0.8	1.3	-	54.5	94.7	3.38	2.41
Neil Ramirez	NYM	20	21.0	0	0	0.0	1.5	11.1	7.3	1.7	-	66.7	93.1	6.43	5.71
Javy Guerra	MIA	16	21.0	0	0	0.0	1.7	5.1	3.0	0.9	.313	82.1	92.3	3.00	4.33
Tommy Milone	MIL	6	21.0	3	0	0.0	8.0	6.9	0.9	2.6	-	64.0	88.0	6.43	5.69
Michael Tonkin	MIN	16	21.0	0	0	0.0	2.0	10.3	5.1	2.6	.296	78.6	94.0	5.14	6.40
Ryan Merritt	CLE	5	20.2	4	1	25.0	1.8	3.0	1.7	0.0	.333	86.7	87.3	1.74	3.12
Silvino Bracho	ARI	21	20.2	0	0	0.0	3.6	10.9	3.0	2.2	.260	60.0	93.6	5.66	4.98
Jimmy Yacabonis	BAL	14	20.2	0	0	0.0	0.6	3.5	6.1	0.9	.242	73.3	95.4	4.35	5.78
Giovanny Gallegos	NYY	16	20.1	0	0	0.0	4.4	9.7	2.2	1.3	.316	65.2	94.1	4.87	3.72
Tyler Olson	CLE	30	20.0	0	0	0.0	3.0	8.1	2.7	0.0	.250	100.0	89.1	0.00	2.33
Tyler Mahle	CIN	4	20.0	4	1	25.0	1.3	6.3	4.9	0.0	.302	80.0	92.9	2.70	3.51
Brandon Maurer	KC	26	20.0	0	0	0.0	1.9	9.4	4.9	1.8	-	65.9	96.6	8.10	5.40
Steve Cishek	SEA	23	20.0	0	0	0.0	2.1	6.8	3.2	1.4	-	76.5	90.3	3.15	4.74
Ryne Stanek	TB	21	20.0	0	0	0.0	2.4	13.1	5.4	2.7	.417	78.1	98.2	5.85	6.06
Tony Watson	LAD	24	20.0	0	0	0.0	3.0	8.1	2.7	0.9	-	78.9	93.6	2.70	3.63
Tony Cingrani	LAD	22	19.1	0	0	0.0	4.7	13.0	2.8	0.5	-	75.0	94.4	2.79	1.94
Koda Glover	WAS	23	19.1	0	0	0.0	4.3	7.9	1.9	0.5	.328	56.5	96.5	5.12	2.76
Joe Jimenez	DET	24	19.0	0	0	0.0	1.9	8.1	4.3	1.9	.403	38.9	95.3	12.32	5.62
Kyle McGrath	SD	17	19.0	0	0	0.0	2.7	7.6	2.8	0.9	.235	77.8	86.5	2.84	3.86
Caleb Smith	NYY	9	18.2	2	0	0.0	1.8	8.7	4.8	1.9	.315	55.6	94.0	7.71	5.72
David Hernandez	ARI	26	18.2	0	0	0.0	15.0	7.2	0.5	1.9	-	62.5	93.7	4.82	4.54
Joe Smith	CLE	21	18.1	0	0	0.0	0.0	9.8	0.0	0.5	-	60.0	89.0	3.44	1.73
Zach Duke	STL	27	18.1	0	0	0.0	2.0	5.9	2.9	1.5	.196	68.8	88.0	3.93	5.03
Dillon Overton	SEA	9	18.1	1	0	0.0	4.0	3.9	1.0	2.0	-	52.6	89.2	6.38	5.50
Jesen Therrien	PHI	15	18.1	0	0	0.0	1.4	4.9	3.4	2.5	.302	53.8	92.6	8.35	6.84
Edgar Santana	PIT	19	18.0	0	0	0.0	1.7	10.0	6.0	1.0	.304	80.8	95.1	3.50	4.49
Eric Skoglund	KC	7	18.0	5	1	20.0	1.2	7.0	6.0	1.0	.431	57.5	91.5	9.50	5.16
Cody Reed	CIN	12	17.2	1	0	0.0	0.9	8.7	9.7	1.5	.200	74.1	94.3	5.09	6.82
Nik Turley	MIN	10	17.2	3	0	0.0	1.6	6.6	4.1	2.5	.410	48.5	93.4	11.21	6.81
Justin Wilson	CHC	23	17.2	0	0	0.0	1.3	12.7	9.7	0.0	-	73.0	96.0	5.09	3.70
Austin Maddox	BOS	13	17.1	0	0	0.0	7.0	7.3	1.0	0.5	.240	100.0	95.2	0.52	2.69
John Gant	STL	7	17.1	2	0	0.0	1.1	5.7	5.2	2.1	.260	78.3	93.0	4.67	6.72
Ben Taylor	BOS	14	17.1	0	0	0.0	2.0	9.3	4.7	1.6	.340	73.1	92.3	5.19	4.98
Tim Mayza	TOR	19	17.0	0	0	0.0	6.8	14.3	2.1	1.6	.467	60.0	93.9	6.88	3.05
Tom Koehler	TOR	15	17.0	1	0	0.0	3.0	9.5	3.2	0.5	-	81.0	92.9	2.65	2.94
Sam Dyson	TEX	17	16.2	0	0	0.0	0.6	3.8	6.5	3.2	-	62.2	95.1	10.80	9.27
Luis Santos	TOR	10	16.2	0	0	0.0	4.0	8.6	2.2	2.2	.250	93.3	92.7	2.70	5.14
Carlos Ramirez	TOR	12	16.2	0	0	0.0	4.7	7.6	1.6	1.6	.081	66.7	92.1	2.70	4.42
Dario Alvarez	TEX	20	16.1	0	0	0.0	1.2	9.4	7.7	0.6	.367	87.5	92.1	2.76	4.57
Yacksel Rios	PHI	13	16.1	0	0	0.0	1.9	9.4	5.0	2.2	.256	80.0	94.1	4.41	6.01
Reymin Guduan	HOU	22	16.0	0	0	0.0	1.3	9.0	6.8	0.6	.426	62.9	95.1	7.88	4.34
Erick Fedde	WAS	3	15.1	3	0	0.0	1.9	8.8	4.7	2.9	.426	60.7	93.0	9.39	7.10
Aaron Slegers	MIN	4	15.1	3	1	33.3	1.5	5.3	3.5	1.8	.200	46.7	90.5	6.46	5.78
Andrew Kittredge	TB	15	15.1	0	0	0.0	2.3	8.2	3.5	1.2	.250	94.1	94.5	1.76	4.28
A.J. Minter	ATL	16	15.0	0	0	0.0	13.0	15.6	1.2	0.6	.387	71.4	95.9	3.00	1.01
Vidal Nuno	BAL	12	14.2	0	0	0.0	1.3	8.0	6.1	4.3	.340	61.5	89.4	10.43	9.75
Henderson Alvarez	PHI	3	14.2	3	0	0.0	0.5	3.7	6.7	1.2	.250	78.3	91.4	4.30	6.48
George Kontos	PIT	15	14.2	0	0	0.0	5.0	9.2	1.8	0.6	-	81.8	91.0	1.84	2.68
Francisco Liriano	HOU	20	14.1	0	0	0.0	1.1	6.9	6.3	0.0	-	70.8	92.9	4.40	3.83
Danny Farquhar	CWS	15	14.1	0	0	0.0	2.0	7.5	3.8	0.6	-	62.5	93.1	4.40	3.73
Jake Buchanan	CIN	5	14.1	0	0	0.0	0.6	2.5	4.4	0.6	.371	60.0	88.9	8.16	5.06
Mike Morin	LAA	10	14.1	0	0	0.0	5.0	6.3	1.3	1.9	-	60.0	90.5	6.91	4.96
Dan Winkler	ATL	16	14.1	0	0	0.0	3.0	11.3	3.8	0.6	.214	75.0	93.6	2.51	2.89
Domingo German	NYY	7	14.1	0	0	0.0	2.0	11.3	5.7	0.6	.294	78.9	96.4	3.14	3.54
Ryan Sherriff	STL	13	14.1	0	0	0.0	3.8	9.4	2.5	1.3	.289	80.0	91.7	3.14	3.79
Ricardo Rodriguez	TEX	16	13.0	0	0	0.0	2.8	7.6	2.8	2.1	.341	66.7	95.4	6.23	5.46
Brandon Finnegan	CIN	4	13.0	4	1	25.0	1.2	11.1	9.0	0.7	.276	76.2	93.1	4.15	4.84
Rob Zastryzny	CHC	4	13.0	0	0	0.0	1.6	7.6	4.8	1.4	.415	58.3	89.9	8.31	5.18
Tom Layne	NYY	19	13.0	0	0	0.0	1.1	6.2	5.5	0.7	.341	56.5	88.0	7.62	4.72
Yohander Mendez	TEX	7	12.1	0	0	0.0	2.3	5.1	2.2	2.2	.263	69.2	92.5	5.11	5.98
Brad Goldberg	CWS	11	12.0	0	0	0.0	0.2	2.3	10.5	1.5	.293	65.4	96.1	8.25	8.48
Sam Gaviglio	KC	4	12.0	2	0	0.0	1.8	6.8	3.8	0.8	-	82.4	88.6	3.00	4.07
Ryan Garton	SEA	13	11.2	0	0	0.0	7.0	5.4	0.8	0.8	-	80.0	92.5	1.54	3.38
Nate Jones	CWS	11	11.2	0	0	0.0	2.5	11.6	4.6	0.8	.308	85.7	97.2	2.31	3.34
Juan Nicasio	STL	9	11.0	0	0	0.0	5.5	9.0	1.6	0.8	-	90.0	95.4	1.64	2.95
Ben Heller	NYY	9	11.0	0	0	0.0	1.5	7.4	4.9	0.0	.179	90.9	94.7	0.82	3.25
Jimmie Sherfy	ARI	11	10.2	0	0	0.0	4.5	7.6	1.7	0.0	.192	100.0	93.9	0.00	2.09
Jake Diekman	TEX	11	10.2	0	0	0.0	1.3	11.0	8.4	0.8	.143	84.6	94.7	2.53	4.89
Victor Arano	PHI	10	10.2	0	0	0.0	3.3	11.0	3.4	0.0	.240	80.0	93.4	1.69	1.93
Jason Hursh	ATL	9	10.2	0	0	0.0	1.8	5.9	3.4	0.8	.353	68.8	95.0	5.06	4.27
Brooks Pounders	LAA	11	10.1	0	0	0.0	2.4	10.5	4.4	3.5	.406	55.6	92.6	10.45	7.41
Neil Ramirez	SF	9	10.1	0	0	0.0	4.5	15.7	3.5	1.7	-	52.9	93.1	8.71	3.43
Luke Farrell	CIN	9	10.1	0	0	0.0	1.0	6.1	6.1	0.9	-	81.8	91.0	2.61	5.20
Ryan Garton	TB	7	10.1	0	0	0.0	1.8	7.8	4.4	2.6	-	53.3	92.5	8.71	6.73
Aaron Wilkerson	MIL	3	10.1	2	1	50.0	7.0	6.1	0.9	0.9	.179	50.0	89.7	3.48	3.40
Artie Lewicki	DET	4	10.1	1	0	0.0	1.5	5.2	3.5	0.9	.439	72.7	92.4	6.10	4.50
Chih-Wei Hu	TB	6	10.0	0	0	0.0	2.3	8.1	3.6	1.8	.120	85.7	93.5	2.70	5.24
Dylan Floro	CHC	3	9.2	0	0	0.0	3.0	5.6	1.9	1.9	.382	66.7	91.3	6.52	5.29
Zac Reininger	DET	10	9.2	0	0	0.0	1.7	4.7	2.8	2.8	.361	66.7	94.8	7.45	7.16
Walker Buehler	LAD	8	9.1	0	0	0.0	1.5	11.6	7.7	1.9	.409	64.7	98.1	7.71	6.07
Jacob Rhame	NYM	9	9.0	0	0	0.0	1.0	7.0	7.0	2.0	.345	58.8	95.1	9.00	6.94
Zach Putnam	CWS	7	8.2	0	0	0.0	9.0	9.3	1.0	0.0	.111	66.7	90.7	1.04	1.48
Chaz Roe	TB	9	8.2	0	0	0.0	4.0	12.5	3.1	1.0	-	100.0	92.8	1.04	3.00
David Phelps	SEA	10	8.2	0	0	0.0	2.2	11.4	5.2	0.0	-	78.6	94.3	3.12	2.45
John Curtiss	MIN	9	8.2	0	0	0.0	5.0	10.4	2.1	2.1	.304	33.3	95.2	8.31	4.61
Edward Paredes	LAD	10	8.1	0	0	0.0	0.0	11.9	0.0	1.1	.368	71.4	90.6	3.24	2.12
Sandy Alcantara	STL	8	8.1	0	0	0.0	1.7	10.8	6.5	2.2	.333	84.6	98.4	4.32	6.15
Noe Ramirez	LAA	10	8.1	0	0	0.0	2.5	10.8	4.3	0.0	-	71.4	89.8	2.16	2.29
Adam Kolarek	TB	12	8.1	0	0	0.0	1.0	4.3	4.3	2.2	.269	63.6	88.1	6.48	6.85
Mike Hauschild	TEX	4	8.0	0	0	0.0	3.5	7.9	2.3	5.6	.375	54.5	92.0	11.25	10.35
Zach Lee	SD	3	8.0	1	0	0.0	0.8	6.8	9.0	1.1	.269	73.3	90.2	5.63	6.43
Nick Gardewine	TEX	12	8.0	0	0	0.0	0.4	3.4	7.9	1.1	.310	75.0	94.6	5.63	6.79
Rubby De La Rosa	ARI	9	7.2	0	0	0.0	3.0	14.1	4.7	2.3	.313	77.8	97.1	4.70	5.08
Bobby Wahl	OAK	7	7.2	0	0	0.0	2.0	9.4	4.7	0.0	.348	66.7	95.0	4.70	2.73
Felix Jorge	MIN	2	7.2	2	0	0.0	2.0	4.7	2.3	4.7	.385	58.3	92.4	10.57	9.75
Evan Marshall	SEA	6	7.2	0	0	0.0	0.8	4.7	5.9	1.2	.393	56.3	93.9	9.39	5.87
Rob Whalen	SEA	2	7.1	1	0	0.0	1.0	2.5	2.5	1.2	.250	50.0	89.0	6.14	5.27
Victor Alcantara	DET	6	7.1	0	0	0.0	1.3	6.1	4.9	1.2	.407	60.0	92.1	8.59	5.30
Josh Lucas	STL	5	7.1	0	0	0.0	1.8	8.6	4.9	2.5	.278	88.9	92.6	3.68	6.53
Zac Rosscup	COL	9	7.0	0	0	0.0	0.0	12.9	0.0	2.6	-	71.4	93.2	5.14	4.06
Sam Moll	OAK	11	6.2	0	0	0.0	2.3	9.5	4.1	2.7	.478	57.1	92.4	10.80	6.40
Jamie Callahan	NYM	9	6.2	0	0	0.0	5.0	6.8	1.4	0.0	.292	62.5	95.9	4.05	2.17
Jace Fry	CWS	11	6.2	0	0	0.0	0.6	4.1	6.8	1.4	.407	56.3	93.6	10.80	6.58
Carson Smith	BOS	8	6.2	0	0	0.0	3.5	9.5	2.7	0.0	.389	88.9	92.0	1.35	2.03
Reyes Moronta	SF	7	6.2	0	0	0.0	3.7	14.9	4.1	1.4	.357	87.5	95.7	2.70	3.25
Gabriel Moya	MIN	7	6.1	0	0	0.0	2.5	7.1	2.8	2.8	.176	80.0	90.8	4.26	6.71
Tyler Webb	NYY	7	6.0	0	0	0.0	1.3	7.5	6.0	1.5	-	66.7	91.2	4.50	5.77
Jairo Labourt	DET	6	6.0	0	0	0.0	0.6	6.0	10.5	0.0	.235	72.7	93.0	4.50	5.48
Jen-Ho Tseng	CHC	2	6.0	1	0	0.0	4.0	12.0	3.0	3.0	.231	40.0	92.0	7.50	5.90
Mike Morin	KC	6	5.2	0	0	0.0	2.0	9.5	4.8	0.0	-	54.5	90.5	7.94	2.72
Kyle Ryan	DET	8	5.2	0	0	0.0	0.1	1.6	11.1	0.0	.429	68.8	90.5	7.94	6.68
Richard Rodriguez	BAL	5	5.2	0	0	0.0	1.0	4.8	4.8	6.4	.400	54.5	93.8	14.29	12.96
Diego Moreno	TB	5	5.2	0	0	0.0	3.0	9.5	3.2	1.6	.313	71.4	95.2	4.76	4.47
Anthony Bass	TEX	2	5.2	0	0	0.0	0.0	1.6	0.0	1.6	.448	38.5	92.3	14.29	5.14
Dillon Maples	CHC	6	5.1	0	0	0.0	1.8	18.6	10.1	0.0	.600	50.0	96.8	10.13	2.56
Roberto Gomez	SF	4	5.1	0	0	0.0	6.0	10.1	1.7	0.0	.474	50.0	95.2	8.44	1.53
Austin Adams	WAS	6	5.0	0	0	0.0	1.3	18.0	14.4	0.0	-	83.3	0.0	3.60	4.16
Tyler Danish	CWS	1	5.0	1	0	0.0	1.0	10.8	10.8	0.0	.273	100.0	89.7	0.00	4.52
Chris Smith	TOR	4	5.0	0	0	0.0	1.0	1.8	1.8	1.8	.300	71.4	93.6	5.40	6.02
Jairo Diaz	COL	4	5.0	0	0	0.0	0.4	3.6	9.0	0.0	.545	70.6	97.3	9.00	5.50
Zac Curtis	SEA	3	4.2	0	0	0.0	2.0	3.9	1.9	1.9	-	133.3	91.2	0.00	5.79
Hunter Cervenka	MIA	5	4.2	0	0	0.0	0.8	11.6	15.4	0.0	.125	11.1	93.1	15.43	5.94
Mike Mayers	STL	3	4.2	0	0	0.0	0.8	5.8	7.7	3.9	.375	60.0	94.2	11.57	10.14
Taylor Williams	MIL	5	4.2	0	0	0.0	2.0	7.7	3.9	0.0	.286	83.3	95.9	1.93	2.81
Dillon Overton	SD	1	4.2	1	0	0.0	1.5	5.8	3.9	3.9	-	77.8	89.2	7.71	8.81
Noe Ramirez	BOS	2	4.2	0	0	0.0	4.0	7.7	1.9	3.9	-	100.0	89.8	3.86	7.72
Jack Leathersich	PIT	6	4.1	0	0	0.0	3.0	12.5	4.2	0.0	-	100.0	91.8	0.00	1.86
Jordan Jankowski	HOU	3	4.1	0	0	0.0	2.5	10.4	4.2	6.2	.333	50.0	91.2	12.46	11.32
Keury Mella	CIN	2	4.0	0	0	0.0	0.5	2.3	4.5	2.3	.267	66.7	95.9	6.75	7.50
Dietrich Enns	MIN	2	4.0	1	0	0.0	2.0	4.5	2.3	4.5	.313	83.3	89.6	6.75	9.48
Shane Carle	COL	3	4.0	0	0	0.0	0.0	9.0	0.0	2.3	.357	60.0	93.6	6.75	4.45
Dan Runzler	PIT	8	4.0	0	0	0.0	2.0	9.0	4.5	4.5	.417	100.0	94.9	4.50	9.25
Kyle Lloyd	SD	1	4.0	1	0	0.0	1.0	4.5	4.5	2.3	.333	57.1	85.8	9.00	7.00
Andres Machado	KC	2	3.2	0	0	0.0	0.3	2.5	7.4	4.9	.444	36.4	95.9	22.09	12.28
Wilmer Font	LAD	3	3.2	0	0	0.0	0.8	7.4	9.8	4.9	.385	44.4	93.8	17.18	12.04
Max Povse	SEA	3	3.2	0	0	0.0	2.0	4.9	2.5	2.5	.471	77.8	94.6	7.36	6.50
Ryan Weber	SEA	1	3.2	1	0	0.0	0.0	0.0	0.0	0.0	.214	66.7	89.5	2.45	3.20
Zac Curtis	PHI	3	3.2	0	0	0.0	2.0	9.8	4.9	0.0	-	80.0	91.2	2.45	2.71
Marco Gonzales	STL	1	3.1	1	0	0.0	0.0	5.4	0.0	8.1	-	33.3	91.5	13.50	13.70
Sean Gilmartin	NYM	2	3.1	0	0	0.0	4.0	10.8	2.7	5.4	.500	57.1	89.8	13.50	9.53
Oliver Drake	BAL	3	3.1	0	0	0.0	1.0	8.1	8.1	0.0	-	66.7	91.9	8.10	4.19
Trevor Gott	WAS	4	3.0	0	0	0.0	1.0	9.0	9.0	3.0	.625	30.8	95.0	30.00	8.63
Ronald Herrera	NYY	2	3.0	0	0	0.0	3.0	9.0	3.0	3.0	.250	66.7	91.6	6.00	6.57
Jose De Leon	TB	1	2.2	0	0	0.0	0.7	6.8	10.1	3.4	.333	66.7	91.7	10.13	10.06
Luke Farrell	KC	1	2.2	1	0	0.0	0.7	6.8	10.1	3.4	-	55.6	91.0	16.88	10.06
Brian Flynn	KC	1	2.1	0	0	0.0	0.0	0.0	0.0	0.0	.375	66.7	92.6	3.86	3.20
Randy Rosario	MIN	2	2.1	0	0	0.0	0.0	7.7	0.0	3.9	.545	-16.7	93.5	30.86	7.06
Drew Anderson	PHI	2	2.1	0	0	0.0	2.0	7.7	3.9	0.0	.545	14.3	93.6	23.14	2.81
Tyler Webb	MIL	2	2.0	0	0	0.0	3.0	13.5	4.5	4.5	-	83.3	91.2	9.00	8.25
Miguel Almonte	KC	2	2.0	0	0	0.0	0.0	0.0	9.0	0.0	.500	57.1	95.5	13.50	6.30
Jorge Lopez	MIL	1	2.0	0	0	0.0	0.0	0.0	4.5	0.0	.444	80.0	94.9	4.50	4.75
Chaz Roe	ATL	3	2.0	0	0	0.0	0.5	4.5	9.0	0.0	-	60.0	92.8	9.00	5.30
Kyle Crockett	CLE	4	1.2	0	0	0.0	2.0	10.8	5.4	0.0	.571	60.0	87.9	10.80	2.66
Tanner Scott	BAL	2	1.2	0	0	0.0	1.0	10.8	10.8	0.0	.400	50.0	98.0	10.80	4.52
Wei-Chung Wang	MIL	8	1.1	0	0	0.0	0.0	13.5	0.0	6.8	.667	75.0	94.1	13.50	9.95
Juan Nicasio	PHI	2	1.1	0	0	0.0	0.0	6.8	0.0	0.0	-	0.0	95.4	0.00	1.70
Justin Marks	TB	1	1.1	0	0	0.0	1.0	6.8	6.8	6.8	.250	100.0	89.5	6.75	13.78
Taylor Cole	TOR	1	1.0	0	0	0.0	1.0	9.0	9.0	0.0	.857	42.9	92.8	36.00	4.30
Kirby Yates	LAA	1	1.0	0	0	0.0	0.0	9.0	0.0	18.0	-	0.0	94.1	18.00	27.20
Daniel Slania	SF	1	1.0	0	0	0.0	0.0	0.0	0.0	0.0	.000	0.0	92.5	0.00	3.20
Jose Ruiz	SD	1	1.0	0	0	0.0	1.0	9.0	9.0	0.0	.000	100.0	95.3	0.00	4.30
Tyler Cloyd	SEA	1	1.0	0	0	0.0	0.0	9.0	0.0	0.0	.667	100.0	90.3	0.00	1.20
Thyago Vieira	SEA	1	1.0	0	0	0.0	0.0	9.0	0.0	0.0	.000	0.0	98.7	0.00	1.20
Glenn Sparkman	TOR	2	1.0	0	0	0.0	1.0	9.0	9.0	0.0	.900	30.0	94.0	63.00	4.30
Jack Leathersich	CHC	1	0.2	0	0	0.0	0.3	13.5	54.0	0.0	-	60.0	91.8	27.00	18.80
Zac Rosscup	CHC	1	0.2	0	0	0.0	0.0	0.0	0.0	0.0	-	0.0	93.2	0.00	3.20
Roenis Elias	BOS	1	0.1	0	0	0.0	1.0	27.0	27.0	0.0	.000	100.0	92.3	0.00	6.50
Hunter Wood	TB	1	0.1	0	0	0.0	0.0	0.0	0.0	0.0	.000	0.0	90.0	0.00	3.20