Player,Team,Pos,G,R,HR,RBI,SB,AVG,OBP,SLG,OPS
Trea Turner,WAS,SS,162,103,19,73,43,0.271,0.344,0.416,0.76
Francisco Lindor,CLE,SS,158,129,38,92,25,0.277,0.352,0.519,0.871
Ozzie Albies,ATL,2B,158,105,24,72,14,0.261,0.305,0.452,0.757
Jose Peraza,CIN,SS,157,85,14,58,23,0.288,0.326,0.416,0.742
Whit Merrifield,KC,2B,158,88,12,60,45,0.304,0.367,0.438,0.805
Marcus Semien,OAK,SS,159,89,15,70,14,0.255,0.318,0.388,0.706
Charlie Blackmon,COL,OF,156,119,29,70,12,0.291,0.358,0.502,0.86
Nick Markakis,ATL,OF,162,78,14,93,1,0.297,0.366,0.44,0.806
Nicholas Castellanos,DET,OF,157,88,23,89,2,0.298,0.354,0.5,0.854
Freddie Freeman,ATL,1B,162,94,23,98,10,0.309,0.388,0.505,0.893
Giancarlo Stanton,NYY,OF,158,102,38,100,5,0.266,0.343,0.509,0.852
Eric Hosmer,SD,1B,157,72,18,69,7,0.253,0.322,0.398,0.72
Javier Baez,CHC,SS,160,101,34,111,21,0.29,0.326,0.554,0.88
Cesar Hernandez,PHI,2B,161,91,15,60,19,0.253,0.356,0.362,0.718
Freddy Galvis,SD,SS,162,62,13,67,8,0.248,0.299,0.38,0.679
Yolmer Sanchez,CWS,3B,155,62,8,55,14,0.242,0.306,0.372,0.678
Trevor Story,COL,SS,157,88,37,108,27,0.291,0.348,0.567,0.915
Ender Inciarte,ATL,OF,156,83,10,61,28,0.265,0.325,0.38,0.705
Jed Lowrie,OAK,2B,157,78,23,99,0,0.267,0.353,0.448,0.801
Mitch Haniger,SEA,OF,157,90,26,93,8,0.285,0.366,0.493,0.859
Alex Bregman,HOU,SS,157,105,31,103,10,0.286,0.394,0.532,0.926
Starlin Castro,MIA,2B,154,76,12,54,6,0.278,0.329,0.4,0.729
Paul Goldschmidt,ARI,1B,158,95,33,83,7,0.29,0.389,0.533,0.922
Brian Anderson,MIA,3B,156,87,11,65,2,0.273,0.357,0.4,0.757
Nolan Arenado,COL,3B,156,104,38,110,2,0.297,0.374,0.561,0.935
Jean Segura,SEA,SS,144,91,10,63,20,0.304,0.341,0.415,0.756
Scooter Gennett,CIN,2B,154,86,23,92,4,0.31,0.357,0.49,0.847
Kyle Seager,SEA,3B,155,62,22,78,2,0.221,0.273,0.4,0.673
Trey Mancini,BAL,1B,156,69,24,58,0,0.242,0.299,0.416,0.715
Marcell Ozuna,STL,OF,148,69,23,88,3,0.28,0.325,0.433,0.758
Adam Jones,BAL,OF,145,54,15,63,7,0.281,0.313,0.419,0.732
Matt Olson,OAK,1B,162,85,29,84,2,0.247,0.335,0.453,0.788
Andrew Benintendi,BOS,OF,148,103,16,87,21,0.29,0.366,0.465,0.831
Yoan Moncada,CWS,2B,149,73,17,61,12,0.235,0.315,0.4,0.715
Jose Ramirez,CLE,3B,157,110,39,105,34,0.27,0.387,0.552,0.939
Khris Davis,OAK,DH,151,98,48,123,0,0.247,0.326,0.549,0.875
Christian Yelich,MIL,OF,147,118,36,110,22,0.326,0.402,0.598,1
Miguel Andujar,NYY,3B,149,83,27,92,2,0.297,0.328,0.527,0.855
Michael Brantley,CLE,OF,143,89,17,76,12,0.309,0.364,0.468,0.832
J.D. Martinez,BOS,OF,150,111,43,130,6,0.33,0.402,0.629,1.031
Tim Anderson,CWS,SS,153,77,20,64,26,0.24,0.281,0.406,0.687
Anthony Rizzo,CHC,1B,153,74,25,101,6,0.283,0.376,0.47,0.846
Matt Carpenter,STL,1B,156,111,36,81,4,0.257,0.374,0.523,0.897
Shin-Soo Choo,TEX,OF,146,83,21,62,6,0.264,0.377,0.434,0.811
Carlos Santana,PHI,1B,161,82,24,86,2,0.229,0.352,0.414,0.766
David Peralta,ARI,OF,146,75,30,87,4,0.293,0.352,0.516,0.868
Eddie Rosario,MIN,OF,138,87,24,77,8,0.288,0.323,0.479,0.802
Starling Marte,PIT,OF,145,81,20,72,33,0.277,0.327,0.46,0.787
Rhys Hoskins,PHI,OF,153,89,34,96,5,0.246,0.354,0.496,0.85
Cody Bellinger,LAD,1B,162,84,25,76,14,0.26,0.343,0.47,0.813
Dee Gordon,SEA,2B,141,62,4,36,30,0.268,0.288,0.349,0.637
Ian Desmond,COL,OF,160,82,22,88,20,0.236,0.307,0.422,0.729
Andrelton Simmons,LAA,SS,146,68,11,75,10,0.292,0.337,0.417,0.754
Amed Rosario,NYM,SS,154,76,9,51,24,0.256,0.295,0.381,0.676
Odubel Herrera,PHI,OF,148,64,22,71,5,0.255,0.31,0.42,0.73
Bryce Harper,WAS,OF,159,103,34,100,13,0.249,0.393,0.496,0.889
Matt Chapman,OAK,3B,145,100,24,68,1,0.278,0.356,0.508,0.864
Stephen Piscotty,OAK,OF,151,78,27,88,2,0.267,0.331,0.491,0.822
George Springer,HOU,OF,140,102,22,71,6,0.265,0.346,0.434,0.78
Michael Conforto,NYM,OF,153,78,28,82,3,0.243,0.35,0.448,0.798
Jeimer Candelario,DET,3B,144,78,19,54,3,0.224,0.317,0.393,0.71
Lorenzo Cain,MIL,OF,141,90,10,38,30,0.308,0.395,0.417,0.812
Yuli Gurriel,HOU,1B,136,70,13,85,5,0.291,0.323,0.428,0.751
Chris Taylor,LAD,SS,155,85,17,63,9,0.254,0.331,0.444,0.775
Jose Altuve,HOU,2B,137,84,13,61,17,0.316,0.386,0.451,0.837
Jose Martinez,STL,1B,152,64,17,83,0,0.305,0.364,0.457,0.821
DJ LeMahieu,COL,2B,128,90,15,62,6,0.276,0.321,0.428,0.749
Justin Upton,LAA,OF,145,80,30,85,8,0.257,0.344,0.463,0.807
Max Kepler,MIN,OF,156,80,20,58,4,0.224,0.319,0.408,0.727
Brandon Crawford,SF,SS,151,63,14,54,4,0.254,0.325,0.394,0.719
Brett Gardner,NYY,OF,140,95,12,45,16,0.236,0.322,0.368,0.69
Jason Kipnis,CLE,2B,147,65,18,75,7,0.23,0.315,0.389,0.704
Anthony Rendon,WAS,3B,136,88,24,92,2,0.308,0.374,0.535,0.909
Eugenio Suarez,CIN,3B,143,79,34,104,1,0.283,0.366,0.526,0.892
Jurickson Profar,TEX,SS,146,82,20,77,10,0.254,0.335,0.458,0.793
Mookie Betts,BOS,OF,136,129,32,80,30,0.346,0.438,0.64,1.078
Ketel Marte,ARI,2B,153,68,14,59,6,0.26,0.332,0.437,0.769
Nelson Cruz,SEA,DH,144,70,37,97,1,0.256,0.342,0.509,0.851
Yonder Alonso,CLE,1B,145,64,23,83,0,0.25,0.317,0.421,0.738
Nick Ahmed,ARI,SS,153,61,16,70,5,0.234,0.29,0.411,0.701
Xander Bogaerts,BOS,SS,136,72,23,103,8,0.288,0.36,0.522,0.882
Kevin Pillar,TOR,OF,142,65,15,59,14,0.252,0.282,0.426,0.708
Salvador Perez,KC,C,129,52,27,80,1,0.235,0.274,0.439,0.713
Alex Gordon,KC,OF,141,56,13,54,12,0.245,0.324,0.37,0.694
Justin Smoak,TOR,1B,147,67,25,77,0,0.242,0.35,0.457,0.807
Billy Hamilton,CIN,OF,153,74,4,29,34,0.236,0.299,0.327,0.626
Didi Gregorius,NYY,SS,134,89,27,86,10,0.268,0.335,0.494,0.829
Corey Dickerson,PIT,OF,135,65,13,55,8,0.3,0.33,0.474,0.804
Joey Votto,CIN,1B,145,67,12,67,2,0.284,0.417,0.419,0.836
Matt Duffy,TB,3B,132,59,4,44,12,0.294,0.361,0.366,0.727
Josh Bell,PIT,1B,148,74,12,62,2,0.261,0.357,0.411,0.768
C.J. Cron,TB,1B,140,68,30,74,1,0.253,0.323,0.493,0.816
Edwin Encarnacion,CLE,1B,137,74,32,107,3,0.246,0.336,0.474,0.81
Joey Gallo,TEX,1B,148,82,40,92,3,0.206,0.312,0.498,0.81
Jose Abreu,CWS,1B,128,68,22,78,2,0.265,0.325,0.473,0.798
Derek Dietrich,MIA,1B,149,72,16,45,2,0.265,0.33,0.421,0.751
Travis Shaw,MIL,2B,152,73,32,86,5,0.241,0.345,0.48,0.825
Ryon Healy,SEA,1B,133,51,24,73,0,0.235,0.277,0.412,0.689
Jesus Aguilar,MIL,1B,149,80,35,108,0,0.274,0.352,0.539,0.891
Kole Calhoun,LAA,OF,137,71,19,57,6,0.208,0.283,0.369,0.652
Marwin Gonzalez,HOU,SS,145,61,16,68,2,0.247,0.324,0.409,0.733
Nomar Mazara,TEX,OF,128,61,20,77,1,0.258,0.317,0.436,0.753
Miguel Rojas,MIA,SS,153,44,11,53,6,0.252,0.297,0.346,0.643
Joey Wendle,TB,2B,139,62,7,61,16,0.3,0.354,0.435,0.789
Joe Mauer,MIN,1B,127,64,6,48,0,0.282,0.351,0.379,0.73
Alcides Escobar,KC,SS,140,54,4,34,8,0.231,0.279,0.313,0.592
Andrew McCutchen,SF,OF,130,65,15,55,13,0.255,0.357,0.415,0.772
Mallex Smith,TB,OF,141,65,2,40,40,0.296,0.367,0.406,0.773
Evan Longoria,SF,3B,125,51,16,54,3,0.244,0.281,0.413,0.694
Aaron Hicks,NYY,OF,137,90,27,79,11,0.248,0.366,0.467,0.833
Eduardo Nunez,BOS,2B,127,56,10,44,7,0.265,0.289,0.388,0.677
Dansby Swanson,ATL,SS,136,51,14,59,10,0.238,0.304,0.395,0.699
Manuel Margot,SD,OF,141,50,8,51,11,0.245,0.292,0.384,0.676
J.T. Realmuto,MIA,C,125,74,21,74,3,0.277,0.34,0.484,0.824
Teoscar Hernandez,TOR,OF,134,67,22,57,5,0.239,0.302,0.468,0.77
Rougned Odor,TEX,2B,129,76,18,63,12,0.253,0.326,0.424,0.75
Jackie Bradley,BOS,OF,144,76,13,59,17,0.234,0.314,0.403,0.717
Willson Contreras,CHC,C,138,50,10,54,4,0.249,0.339,0.39,0.729
Mike Trout,LAA,OF,140,101,39,79,24,0.312,0.46,0.628,1.088
Chris Davis,BAL,1B,128,40,16,49,2,0.168,0.243,0.296,0.539
Yangervis Solarte,TOR,2B,122,50,17,54,1,0.226,0.277,0.378,0.655
Victor Martinez,DET,DH,133,32,9,54,0,0.251,0.297,0.353,0.65
Albert Pujols,LAA,1B,117,50,19,64,1,0.245,0.289,0.411,0.7
Johan Camargo,ATL,3B,134,63,19,76,1,0.272,0.349,0.457,0.806
Carlos Gonzalez,COL,OF,132,71,16,64,5,0.276,0.329,0.467,0.796
Matt Kemp,LAD,OF,146,62,21,85,0,0.29,0.338,0.481,0.819
Gregory Polanco,PIT,OF,130,75,23,81,12,0.254,0.34,0.499,0.839
Tucker Barnhart,CIN,C,138,50,10,46,0,0.248,0.328,0.372,0.7
Yadier Molina,STL,C,123,55,20,74,4,0.261,0.314,0.436,0.75
Ben Zobrist,CHC,2B,139,67,9,58,3,0.305,0.378,0.44,0.818
Scott Kingery,PHI,SS,147,55,8,35,10,0.226,0.267,0.338,0.605
Rafael Devers,BOS,3B,121,59,21,66,5,0.24,0.298,0.433,0.731
Albert Almora,CHC,OF,152,62,5,41,1,0.286,0.323,0.378,0.701
Niko Goodrum,DET,2B,131,55,16,53,12,0.245,0.315,0.432,0.747
Yasmani Grandal,LAD,C,140,65,24,68,2,0.241,0.349,0.466,0.815
Jason Heyward,CHC,OF,127,67,8,57,1,0.27,0.335,0.395,0.73
Jose Pirela,SD,2B,146,54,5,32,6,0.249,0.3,0.345,0.645
Paul DeJong,STL,SS,115,68,19,68,1,0.241,0.313,0.433,0.746
Matt Davidson,CWS,1B,126,51,20,62,0,0.228,0.319,0.419,0.738
Maikel Franco,PHI,3B,131,48,22,68,1,0.27,0.314,0.467,0.781
Brandon Nimmo,NYM,OF,140,77,17,47,9,0.263,0.404,0.483,0.887
Josh Reddick,HOU,OF,134,63,17,47,7,0.242,0.318,0.4,0.718
Adrian Beltre,TEX,3B,119,49,15,65,1,0.273,0.328,0.434,0.762
Ronald Acuna,ATL,OF,111,78,26,64,16,0.293,0.366,0.552,0.918
Jose Iglesias,DET,SS,125,43,5,48,15,0.269,0.31,0.389,0.699
Gleyber Torres,NYY,SS,123,54,24,77,6,0.271,0.34,0.48,0.82
JaCoby Jones,DET,OF,129,54,11,34,13,0.207,0.266,0.364,0.63
Adam Engel,CWS,OF,143,49,6,29,16,0.235,0.279,0.336,0.615
Kyle Schwarber,CHC,OF,137,64,26,61,4,0.238,0.356,0.467,0.823
James McCann,DET,C,118,31,8,39,0,0.22,0.267,0.314,0.581
Randal Grichuk,TOR,OF,124,60,25,61,3,0.245,0.301,0.502,0.803
Aledmys Diaz,TOR,SS,130,55,18,55,3,0.263,0.303,0.453,0.756
Addison Russell,CHC,SS,130,52,5,38,4,0.25,0.317,0.34,0.657
Daniel Palka,CWS,OF,124,56,27,67,2,0.24,0.294,0.484,0.778
Jonathan Lucroy,OAK,C,126,41,4,51,0,0.241,0.291,0.325,0.616
Colin Moran,PIT,3B,144,49,11,58,0,0.277,0.34,0.407,0.747
Gorkys Hernandez,SF,OF,142,52,15,40,8,0.234,0.285,0.391,0.676
Juan Soto,WAS,OF,116,77,22,70,5,0.292,0.406,0.517,0.923
Kendrys Morales,TOR,DH,130,47,21,57,2,0.249,0.331,0.438,0.769
A.J. Pollock,ARI,OF,113,61,21,65,13,0.257,0.316,0.484,0.8
Aaron Judge,NYY,OF,112,77,27,67,6,0.278,0.392,0.528,0.92
Brian Dozier,MIN,2B,104,65,16,52,8,0.227,0.307,0.405,0.712
Wilmer Difo,WAS,2B,148,55,7,42,10,0.23,0.298,0.35,0.648
Todd Frazier,NYM,3B,115,54,18,59,9,0.213,0.303,0.39,0.693
Nick Williams,PHI,OF,140,53,17,50,3,0.256,0.324,0.425,0.749
Evan Gattis,HOU,DH,128,49,25,78,1,0.226,0.284,0.452,0.736
Yasiel Puig,LAD,OF,125,60,23,63,15,0.267,0.327,0.494,0.821
Ryan Braun,MIL,OF,125,59,20,64,11,0.254,0.313,0.469,0.782
Mitch Moreland,BOS,1B,124,57,15,68,2,0.245,0.325,0.433,0.758
Hunter Renfroe,SD,OF,117,53,26,68,2,0.248,0.302,0.504,0.806
Yan Gomes,CLE,C,112,52,16,48,0,0.266,0.313,0.449,0.762
Enrique Hernandez,LAD,2B,145,67,21,52,3,0.256,0.336,0.47,0.806
Carlos Correa,HOU,SS,110,60,15,65,3,0.239,0.323,0.405,0.728
Gerardo Parra,COL,OF,142,52,6,53,11,0.284,0.342,0.372,0.714
Brandon Belt,SF,1B,112,50,14,46,4,0.253,0.342,0.414,0.756
Buster Posey,SF,C,105,47,5,41,3,0.284,0.359,0.382,0.741
Robbie Grossman,MIN,OF,129,50,5,48,0,0.273,0.367,0.384,0.751
Max Muncy,LAD,1B,137,75,35,79,3,0.263,0.391,0.582,0.973
Joc Pederson,LAD,OF,148,65,25,56,1,0.248,0.321,0.522,0.843
Elvis Andrus,TEX,SS,97,53,6,33,5,0.256,0.308,0.367,0.675
Jordy Mercer,PIT,SS,117,43,6,39,2,0.251,0.315,0.381,0.696
Kris Bryant,CHC,3B,102,59,13,52,2,0.272,0.374,0.46,0.834
Ian Happ,CHC,3B,142,56,15,44,8,0.233,0.353,0.408,0.761
Ronald Guzman,TEX,1B,123,46,16,58,1,0.235,0.306,0.416,0.722
Wilmer Flores,NYM,1B,126,43,11,51,0,0.267,0.319,0.417,0.736
Lewis Brinson,MIA,OF,109,31,11,42,2,0.199,0.24,0.338,0.578
Scott Schebler,CIN,OF,107,55,17,49,4,0.255,0.337,0.439,0.776
Harrison Bader,STL,OF,138,61,12,37,15,0.264,0.334,0.422,0.756
Mike Moustakas,KC,3B,98,46,20,62,3,0.249,0.309,0.468,0.777
Asdrubal Cabrera,NYM,2B,98,48,18,58,0,0.277,0.329,0.488,0.817
Justin Bour,MIA,1B,112,43,19,54,1,0.227,0.347,0.412,0.759
Mike Zunino,SEA,C,113,37,20,44,0,0.201,0.259,0.41,0.669
Tim Beckham,BAL,SS,96,45,12,35,1,0.23,0.287,0.374,0.661
Eduardo Escobar,MIN,SS,97,45,15,63,1,0.274,0.338,0.514,0.852
Manny Machado,BAL,SS,96,48,24,65,8,0.315,0.387,0.575,0.962
Mark Canha,OAK,OF,122,60,17,52,1,0.249,0.328,0.449,0.777
Justin Turner,LAD,3B,103,62,14,52,2,0.312,0.406,0.518,0.924
Hunter Dozier,KC,3B,102,36,11,34,2,0.229,0.278,0.395,0.673
Robinson Chirinos,TEX,C,113,48,18,65,2,0.222,0.338,0.419,0.757
Carlos Gomez,TB,OF,118,42,9,32,12,0.208,0.298,0.336,0.634
Joe Panik,SF,2B,102,38,4,24,4,0.254,0.307,0.332,0.639
Devon Travis,TOR,2B,103,41,11,44,3,0.232,0.275,0.381,0.656
Avisail Garcia,CWS,OF,93,47,19,49,3,0.236,0.281,0.438,0.719
Isiah Kiner-Falefa,TEX,C,111,43,4,34,7,0.261,0.325,0.357,0.682
Ian Kinsler,LAA,2B,91,49,13,32,9,0.239,0.304,0.406,0.71
Kolten Wong,STL,2B,127,41,9,38,6,0.249,0.332,0.388,0.72
Michael Taylor,WAS,OF,134,46,6,28,24,0.227,0.287,0.357,0.644
Jedd Gyorko,STL,3B,125,49,11,47,2,0.262,0.346,0.416,0.762
Tommy Pham,STL,OF,98,67,14,41,10,0.248,0.331,0.399,0.73
Christian Villanueva,SD,3B,110,42,20,46,3,0.236,0.299,0.45,0.749
Daniel Descalso,ARI,2B,138,54,13,57,0,0.238,0.353,0.436,0.789
Jonathan Schoop,BAL,2B,85,45,17,40,0,0.244,0.273,0.447,0.72
Orlando Arcia,MIL,SS,119,32,3,30,7,0.236,0.268,0.307,0.575
Neil Walker,NYY,2B,113,48,11,46,0,0.219,0.309,0.354,0.663
Travis Jankowski,SD,OF,117,45,4,17,24,0.259,0.332,0.346,0.678
Kurt Suzuki,ATL,C,105,45,12,50,0,0.271,0.332,0.444,0.776
Jorge Alfaro,PHI,C,108,35,10,37,3,0.262,0.324,0.407,0.731
Josh Harrison,PIT,2B,97,41,8,37,3,0.25,0.293,0.363,0.656
Ehire Adrianza,MIN,SS,114,42,6,39,5,0.251,0.301,0.379,0.68
Delino DeShields Jr.,TEX,OF,106,52,2,22,20,0.216,0.31,0.281,0.591
Kevin Kiermaier,TB,OF,88,44,7,29,10,0.217,0.282,0.37,0.652
Francisco Cervelli,PIT,C,104,39,12,57,2,0.259,0.378,0.431,0.809
Adam Duvall,CIN,OF,105,40,15,61,2,0.205,0.286,0.399,0.685
Mark Trumbo,BAL,DH,90,41,17,44,0,0.261,0.313,0.452,0.765
Shohei Ohtani,LAA,DH,114,59,22,61,10,0.285,0.361,0.564,0.925
Jake Bauers,TB,1B,96,48,11,48,6,0.201,0.316,0.384,0.7
Gary Sanchez,NYY,C,89,51,18,53,1,0.186,0.291,0.406,0.697
Brock Holt,BOS,2B,109,41,7,46,7,0.277,0.362,0.411,0.773
Jay Bruce,NYM,1B,94,31,9,37,2,0.223,0.31,0.37,0.68
Adam Eaton,WAS,OF,95,55,5,33,9,0.301,0.394,0.411,0.805
Adam Frazier,PIT,2B,113,52,10,35,1,0.277,0.342,0.456,0.798
Logan Morrison,MIN,1B,95,41,15,39,1,0.186,0.276,0.368,0.644
Hernan Perez,MIL,2B,132,36,9,29,11,0.253,0.29,0.386,0.676
Wil Myers,SD,3B,83,39,11,39,13,0.253,0.318,0.446,0.764
Robinson Cano,SEA,2B,80,44,10,50,0,0.303,0.374,0.471,0.845
Lucas Duda,KC,1B,87,34,13,48,1,0.242,0.31,0.413,0.723
JT Riddle,MIA,SS,102,28,9,36,0,0.231,0.277,0.377,0.654
Manny Pina,MIL,C,98,39,9,28,2,0.252,0.307,0.395,0.702
Austin Hedges,SD,C,91,29,14,37,3,0.231,0.282,0.429,0.711
Leonys Martin,DET,OF,78,45,9,29,7,0.251,0.321,0.409,0.73
Mitch Garver,MIN,C,103,38,7,45,0,0.268,0.335,0.414,0.749
Jorge Polanco,MIN,SS,77,38,6,42,7,0.288,0.345,0.427,0.772
Curtis Granderson,TOR,OF,104,48,11,35,2,0.245,0.342,0.43,0.772
Chris Iannetta,COL,C,110,36,11,36,0,0.224,0.345,0.385,0.73
Cory Spangenberg,SD,2B,116,35,7,25,6,0.235,0.298,0.362,0.66
Chad Pinder,OAK,2B,110,43,13,27,0,0.258,0.332,0.436,0.768
Charlie Culberson,ATL,SS,113,47,12,45,4,0.27,0.326,0.466,0.792
Denard Span,SEA,OF,94,36,7,30,3,0.272,0.329,0.435,0.764
Alen Hanson,SF,2B,110,36,8,39,7,0.252,0.274,0.425,0.699
Wilson Ramos,TB,C,78,30,14,53,0,0.297,0.346,0.488,0.834
Yairo Munoz,STL,SS,108,39,8,42,5,0.276,0.35,0.413,0.763
Guillermo Heredia,SEA,OF,125,29,5,19,2,0.236,0.318,0.342,0.66
Dexter Fowler,STL,OF,90,40,8,31,5,0.18,0.278,0.298,0.576
Russell Martin,TOR,C,90,37,10,25,0,0.194,0.338,0.325,0.663
Jon Jay,ARI,OF,84,46,2,22,1,0.235,0.304,0.325,0.629
John Hicks,DET,C,81,35,9,32,0,0.26,0.312,0.403,0.715
Willy Adames,TB,SS,85,43,10,34,6,0.278,0.348,0.406,0.754
Ryan Zimmerman,WAS,1B,85,33,13,51,1,0.264,0.337,0.486,0.823
Nicky Delmonico,CWS,OF,88,31,8,25,1,0.215,0.296,0.373,0.669
David Fletcher,LAA,2B,1,35,1,25,3,0.275,0.316,0.363,0.679
Jake Cave,MIN,OF,91,54,13,45,2,0.265,0.313,0.473,0.786
Nick Hundley,SF,C,96,34,10,31,2,0.241,0.298,0.408,0.706
Daniel Robertson,TB,2B,88,46,9,34,2,0.262,0.382,0.415,0.797
Chris Owings,ARI,OF,106,34,4,22,11,0.206,0.272,0.302,0.574
Jesse Winker,CIN,OF,89,38,7,43,0,0.299,0.405,0.431,0.836
Omar Narvaez,CWS,C,97,30,9,30,0,0.275,0.366,0.429,0.795
Adalberto Mondesi,KC,SS,75,47,14,37,32,0.276,0.306,0.498,0.804
Greg Bird,NYY,1B,82,23,11,38,0,0.199,0.286,0.386,0.672
Manny Machado,LAD,SS,66,36,13,42,6,0.273,0.338,0.487,0.825
Luis Valbuena,LAA,3B,96,23,9,33,3,0.199,0.253,0.335,0.588
Miguel Sano,MIN,3B,71,32,13,41,0,0.199,0.281,0.398,0.679
Rosell Herrera,KC,OF,75,25,1,20,3,0.238,0.292,0.325,0.617
Martin Maldonado,LAA,C,78,24,5,32,0,0.223,0.284,0.332,0.616
Caleb Joseph,BAL,C,82,28,3,17,2,0.219,0.254,0.321,0.575
Greg Allen,CLE,OF,91,36,2,20,21,0.257,0.31,0.343,0.653
Sandy Leon,BOS,C,89,30,5,22,1,0.177,0.232,0.279,0.511
Franmil Reyes,SD,OF,87,36,16,31,0,0.28,0.34,0.498,0.838
Leury Garcia,CWS,OF,82,23,4,32,12,0.271,0.303,0.376,0.679
Jonathan Villar,MIL,2B,87,26,6,22,14,0.261,0.315,0.377,0.692
Ben Gamel,SEA,OF,101,37,1,19,7,0.272,0.358,0.37,0.728
Tony Kemp,HOU,OF,97,37,6,30,9,0.263,0.351,0.392,0.743
Danny Valencia,BAL,3B,79,28,9,28,1,0.263,0.316,0.408,0.724
Elias Diaz,PIT,C,82,33,10,34,0,0.286,0.339,0.452,0.791
Cameron Maybin,MIA,OF,99,20,3,20,8,0.251,0.338,0.343,0.681
Tyler Flowers,ATL,C,82,34,8,30,0,0.227,0.341,0.359,0.7
Christian Vazquez,BOS,C,80,24,3,16,4,0.207,0.257,0.283,0.54
Melky Cabrera,CLE,OF,78,28,6,39,1,0.28,0.335,0.42,0.755
David Dahl,COL,OF,77,31,16,48,5,0.273,0.325,0.534,0.859
Lourdes Gurriel,TOR,2B,65,30,11,35,1,0.281,0.309,0.446,0.755
Matt Adams,WAS,1B,94,37,18,48,0,0.257,0.332,0.51,0.842
Eric Thames,MIL,1B,96,41,16,37,7,0.219,0.306,0.478,0.784
Jose Bautista,NYM,3B,83,37,9,37,2,0.204,0.351,0.367,0.718
Aaron Altherr,PHI,OF,105,28,8,38,3,0.181,0.295,0.333,0.628
Austin Romine,NYY,C,77,30,10,42,1,0.244,0.295,0.417,0.712
David Freese,PIT,3B,94,29,9,42,0,0.282,0.336,0.444,0.78
Steven Souza,ARI,OF,72,21,5,29,6,0.22,0.309,0.369,0.678
Kevin Plawecki,NYM,C,79,33,7,30,0,0.21,0.315,0.37,0.685
Jon Jay,KC,OF,59,28,1,18,3,0.307,0.363,0.374,0.737
Jorge Bonifacio,KC,OF,69,31,4,23,0,0.225,0.312,0.36,0.672
Matt Wieters,WAS,C,76,24,8,30,0,0.238,0.33,0.374,0.704
Hunter Pence,SF,OF,97,19,4,24,5,0.226,0.258,0.332,0.59
Pablo Sandoval,SF,3B,92,22,9,40,0,0.248,0.31,0.417,0.727
Jose Reyes,NYM,SS,110,30,4,16,5,0.189,0.26,0.32,0.58
Jeff McNeil,NYM,2B,63,35,3,19,7,0.329,0.381,0.471,0.852
Zack Cozart,LAA,3B,58,29,5,18,0,0.219,0.296,0.362,0.658
Jorge Soler,KC,OF,61,27,9,28,3,0.265,0.354,0.466,0.82
Mikie Mahtook,DET,OF,67,24,9,29,4,0.202,0.276,0.359,0.635
Max Stassi,HOU,C,88,28,8,27,0,0.226,0.316,0.394,0.71
Phillip Ervin,CIN,OF,78,27,7,31,6,0.252,0.324,0.404,0.728
Adeiny Hechavarria,TB,SS,61,29,3,26,1,0.258,0.289,0.332,0.621
Dixon Machado,DET,SS,67,20,1,21,1,0.206,0.263,0.29,0.553
Jake Marisnick,HOU,OF,103,34,10,28,6,0.211,0.275,0.399,0.674
Joey Rickard,BAL,OF,79,27,8,23,4,0.244,0.3,0.413,0.713
Victor Reyes,DET,OF,100,35,1,12,9,0.222,0.239,0.288,0.527
Domingo Santana,MIL,OF,85,21,5,20,1,0.265,0.328,0.412,0.74
Tyler White,HOU,1B,66,27,12,42,0,0.276,0.354,0.533,0.887
Jonathan Villar,BAL,2B,54,28,8,24,21,0.258,0.336,0.392,0.728
John Ryan Murphy,ARI,C,87,19,9,24,0,0.202,0.244,0.375,0.619
Jake Lamb,ARI,3B,56,34,6,31,1,0.222,0.307,0.348,0.655
Matt Joyce,OAK,OF,83,34,7,15,0,0.208,0.322,0.353,0.675
Mark Reynolds,WAS,1B,86,26,13,40,0,0.248,0.328,0.476,0.804
Jarrod Dyson,ARI,OF,67,29,2,12,16,0.189,0.282,0.257,0.539
Erik Kratz,MIL,C,67,18,6,23,1,0.236,0.28,0.355,0.635
Devin Mesoraco,NYM,C,66,23,10,30,0,0.222,0.306,0.409,0.715
Luke Maile,TOR,C,68,22,3,27,2,0.248,0.333,0.366,0.699
Austin Barnes,LAD,C,100,32,4,14,4,0.205,0.329,0.29,0.619
Renato Nunez,BAL,3B,60,26,7,20,0,0.275,0.336,0.445,0.781
Jace Peterson,BAL,3B,93,21,3,28,13,0.195,0.308,0.325,0.633
Austin Slater,SF,1B,74,21,1,23,7,0.251,0.333,0.307,0.64
Eduardo Escobar,ARI,SS,54,30,8,21,1,0.268,0.327,0.444,0.771
Austin Jackson,NYM,OF,57,17,3,19,1,0.247,0.29,0.348,0.638
Martin Prado,MIA,3B,54,16,1,18,1,0.244,0.287,0.305,0.592
Rajai Davis,CLE,OF,101,33,1,6,21,0.224,0.278,0.281,0.559
Mike Moustakas,MIL,3B,54,20,8,33,1,0.256,0.326,0.441,0.767
Jeff Mathis,ARI,C,69,15,1,20,0,0.2,0.272,0.272,0.544
Jefry Marte,LAA,1B,90,28,7,22,1,0.216,0.273,0.371,0.644
Alex Avila,ARI,C,80,13,7,20,0,0.165,0.299,0.304,0.603
Brandon Guyer,CLE,OF,104,25,7,27,1,0.206,0.3,0.371,0.671
Logan Forsythe,LAD,2B,70,18,2,13,2,0.207,0.27,0.29,0.56
Blake Swihart,BOS,C,82,28,3,18,6,0.229,0.285,0.328,0.613
Dustin Fowler,OAK,OF,69,19,6,23,6,0.224,0.256,0.354,0.61
Ronny Rodriguez,DET,SS,62,17,5,20,2,0.22,0.256,0.335,0.591
Daniel Murphy,WAS,2B,56,17,6,29,1,0.3,0.341,0.442,0.783
Pedro Severino,WAS,C,70,14,2,15,1,0.168,0.254,0.247,0.501
Carlos Asuaje,SD,2B,79,15,2,19,1,0.196,0.286,0.28,0.566
Brian McCann,HOU,C,63,22,7,23,0,0.212,0.301,0.339,0.64
Gregor Blanco,SF,OF,68,19,2,12,6,0.217,0.262,0.317,0.579
Andrew Knapp,PHI,C,84,19,4,15,1,0.198,0.294,0.316,0.61
David Bote,CHC,2B,74,23,6,33,3,0.239,0.319,0.408,0.727
Tony Wolters,COL,C,74,19,3,27,2,0.17,0.292,0.286,0.578
Jesus Sucre,TB,C,73,9,1,17,1,0.209,0.247,0.253,0.5
Ryan McMahon,COL,1B,91,17,5,19,1,0.232,0.307,0.376,0.683
Victor Caratini,CHC,C,76,21,2,21,0,0.232,0.293,0.304,0.597
Greg Garcia,STL,2B,114,15,3,15,3,0.221,0.309,0.304,0.613
Roberto Perez,CLE,C,62,16,2,19,1,0.168,0.256,0.263,0.519
Logan Forsythe,MIN,2B,50,19,0,14,1,0.258,0.356,0.292,0.648
Hanley Ramirez,BOS,1B,44,25,6,29,4,0.254,0.313,0.395,0.708
Jim Adduci,DET,1B,59,19,3,21,1,0.267,0.29,0.386,0.676
Tyler Naquin,CLE,OF,61,22,3,23,1,0.264,0.295,0.356,0.651
Kevan Smith,CWS,C,52,21,3,21,1,0.292,0.348,0.38,0.728
Asdrubal Cabrera,PHI,2B,49,20,5,17,0,0.228,0.286,0.392,0.678
Welington Castillo,CWS,C,49,17,6,15,1,0.259,0.304,0.406,0.71
Cedric Mullins,BAL,OF,45,23,4,11,2,0.235,0.312,0.359,0.671
Johnny Field,TB,OF,63,20,6,14,4,0.213,0.253,0.373,0.626
Tommy La Stella,CHC,3B,123,23,1,19,0,0.266,0.34,0.331,0.671
Adrian Gonzalez,NYM,1B,54,15,6,26,0,0.237,0.299,0.373,0.672
Chase Utley,LAD,2B,87,18,1,14,3,0.213,0.305,0.305,0.61
Ryan Flaherty,ATL,3B,81,17,2,13,4,0.217,0.298,0.292,0.59
Chance Sisco,BAL,C,63,13,2,16,1,0.181,0.288,0.269,0.557
Ji-Man Choi,TB,DH,49,21,8,27,2,0.269,0.37,0.506,0.876
Craig Gentry,BAL,OF,68,13,1,11,12,0.269,0.321,0.346,0.667
Brad Miller,TB,2B,48,16,5,21,0,0.256,0.322,0.429,0.751
Ramon Laureano,OAK,OF,48,27,5,19,7,0.288,0.358,0.474,0.832
Austin Meadows,PIT,OF,49,16,5,13,4,0.292,0.327,0.468,0.795
Howie Kendrick,WAS,2B,40,17,4,12,1,0.303,0.331,0.474,0.805
Nick Martini,OAK,OF,55,26,1,19,0,0.296,0.397,0.414,0.811
Bryan Holaday,MIA,C,61,7,1,16,0,0.205,0.261,0.258,0.519
A.J. Ellis,SD,C,66,19,1,15,0,0.272,0.378,0.344,0.722
Sean Rodriguez,PIT,2B,66,21,5,19,1,0.167,0.277,0.313,0.59
Drew Butera,KC,C,52,11,2,18,0,0.188,0.259,0.289,0.548
Ryan O'Hearn,KC,1B,44,23,12,30,0,0.262,0.353,0.597,0.95
Austin Jackson,SF,OF,59,12,0,13,2,0.242,0.309,0.295,0.604
Magneuris Sierra,MIA,OF,54,10,0,7,3,0.19,0.222,0.211,0.433
Noel Cuevas,COL,OF,75,16,2,10,1,0.233,0.268,0.315,0.583
Denard Span,TB,OF,43,27,4,28,6,0.238,0.364,0.385,0.749
Dominic Smith,NYM,1B,56,14,5,11,0,0.224,0.255,0.42,0.675
Brian Dozier,LAD,2B,47,16,5,20,4,0.182,0.3,0.35,0.65
Tommy Pham,TB,OF,39,35,7,22,5,0.343,0.448,0.622,1.07
Steven Duggar,SF,OF,41,20,2,17,5,0.255,0.303,0.39,0.693
Yoenis Cespedes,NYM,OF,38,20,9,29,3,0.262,0.325,0.496,0.821
Kelby Tomlinson,SF,2B,63,9,0,10,0,0.207,0.265,0.264,0.529
Curt Casali,CIN,C,52,15,4,16,0,0.293,0.355,0.45,0.805
Ryan Rua,TEX,OF,61,17,6,12,3,0.194,0.221,0.36,0.581
Franchy Cordero,SD,OF,40,19,7,19,5,0.237,0.307,0.439,0.746
Yadiel Rivera,MIA,SS,111,13,1,9,2,0.173,0.269,0.216,0.485
Daniel Murphy,CHC,2B,35,23,6,13,2,0.297,0.329,0.471,0.8
Josh Donaldson,TOR,3B,36,22,5,16,2,0.234,0.333,0.423,0.756
Steve Pearce,BOS,1B,50,19,7,26,0,0.279,0.394,0.507,0.901
Erik Gonzalez,CLE,2B,81,17,1,16,3,0.265,0.301,0.375,0.676
Bobby Wilson,MIN,C,47,12,2,16,0,0.178,0.242,0.281,0.523
Taylor Ward,LAA,3B,40,14,6,15,2,0.178,0.245,0.333,0.578
Abraham Almonte,KC,OF,50,15,3,9,2,0.179,0.26,0.284,0.544
Miguel Cabrera,DET,1B,38,17,3,22,0,0.299,0.395,0.448,0.843
Rafael Ortega,MIA,OF,41,10,0,7,5,0.233,0.287,0.271,0.558
Francisco Pena,STL,C,58,10,2,8,1,0.203,0.239,0.271,0.51
Ian Kinsler,BOS,2B,37,17,1,16,7,0.242,0.294,0.311,0.605
Luke Voit,NYY,1B,39,28,14,33,0,0.333,0.405,0.689,1.094
Roman Quinn,PHI,OF,50,13,2,12,10,0.26,0.317,0.412,0.729
J.B. Shuck,MIA,OF,70,10,0,4,2,0.192,0.255,0.231,0.486
Tyler O'Neill,STL,OF,61,29,9,23,2,0.254,0.303,0.5,0.803
Brandon Lowe,TB,2B,43,16,6,25,2,0.233,0.324,0.45,0.774
Preston Tucker,ATL,OF,80,15,4,22,0,0.24,0.303,0.411,0.714
Alex Blandino,CIN,2B,69,14,1,8,0,0.234,0.324,0.289,0.613
Spencer Kieboom,WAS,C,52,16,2,13,0,0.232,0.322,0.32,0.642
Jonathan Schoop,MIL,2B,46,16,4,21,1,0.202,0.246,0.331,0.577
Tyler Austin,MIN,1B,35,18,9,24,0,0.236,0.294,0.488,0.782
Mason Williams,CIN,OF,51,10,2,6,1,0.293,0.331,0.398,0.729
Pat Valaika,COL,2B,68,8,2,5,0,0.156,0.214,0.246,0.46
Trayce Thompson,CWS,OF,48,14,3,9,3,0.116,0.163,0.215,0.378
Tyler Austin,NYY,1B,34,16,8,23,1,0.223,0.28,0.471,0.751
Carlos Tocci,TEX,OF,66,11,0,5,0,0.225,0.271,0.283,0.554
Andrew Romine,SEA,SS,75,15,0,2,1,0.21,0.26,0.244,0.504
Tyler Saladino,MIL,SS,52,11,5,16,2,0.246,0.302,0.398,0.7
Brandon Dixon,CIN,1B,74,14,5,10,0,0.178,0.218,0.356,0.574
J.P. Crawford,PHI,SS,49,17,3,12,2,0.214,0.319,0.393,0.712
Jose Briceno,LAA,C,46,12,5,10,0,0.239,0.299,0.385,0.684
Jose Miguel Fernandez,LAA,1B,36,9,2,11,1,0.267,0.309,0.388,0.697
Ryan Goins,KC,2B,41,10,0,6,0,0.226,0.252,0.313,0.565
Billy McKinney,TOR,OF,36,14,6,13,1,0.252,0.32,0.47,0.79
Chris Young,LAA,OF,56,17,6,13,2,0.168,0.252,0.363,0.615
Austin Dean,MIA,OF,34,16,4,14,1,0.221,0.279,0.363,0.642
Kaleb Cowart,LAA,3B,47,7,1,10,1,0.134,0.21,0.241,0.451
Brett Phillips,KC,OF,36,13,2,7,1,0.188,0.252,0.313,0.565
Pedro Alvarez,BAL,DH,45,18,8,18,0,0.18,0.283,0.414,0.697
Austin Wynns,BAL,C,42,16,4,11,0,0.255,0.287,0.382,0.669
Eric Young Jr.,LAA,OF,41,12,1,8,5,0.202,0.248,0.303,0.551
Yandy Diaz,CLE,3B,39,15,1,15,0,0.312,0.375,0.422,0.797
Drew Robinson,TEX,OF,47,20,3,9,2,0.183,0.288,0.294,0.582
Martin Maldonado,HOU,C,41,15,4,12,0,0.231,0.257,0.398,0.655
Charlie Tilson,CWS,OF,41,7,0,11,2,0.264,0.331,0.292,0.623
Bradley Zimmer,CLE,OF,34,14,2,9,4,0.226,0.281,0.33,0.611
Jose Osuna,PIT,1B,51,14,3,11,0,0.226,0.252,0.396,0.648
J.D. Davis,HOU,3B,42,9,1,5,0,0.175,0.248,0.223,0.471
Cheslor Cuthbert,KC,3B,30,11,3,7,0,0.194,0.282,0.301,0.583
Francisco Arcia,LAA,C,41,10,6,23,1,0.204,0.226,0.427,0.653
Raffy Lopez,SD,C,37,11,3,13,1,0.176,0.265,0.284,0.549
Anthony Santander,BAL,OF,33,8,1,6,1,0.198,0.25,0.297,0.547
Corey Seager,LAD,SS,26,13,2,13,0,0.267,0.348,0.396,0.744
Ronald Torreyes,NYY,2B,41,9,0,7,0,0.28,0.294,0.37,0.664
Jose Rondon,CWS,DH,42,15,6,14,2,0.23,0.28,0.47,0.75
Ryan LaMarre,MIN,OF,43,7,0,8,1,0.263,0.321,0.313,0.634
Willie Calhoun,TEX,OF,35,8,2,11,0,0.222,0.269,0.333,0.602
Richard Urena,TOR,SS,40,10,1,6,2,0.293,0.34,0.364,0.704
Eric Sogard,MIL,2B,55,7,0,2,3,0.134,0.241,0.165,0.406
Grayson Greiner,DET,C,30,9,0,12,0,0.219,0.328,0.281,0.609
Dawel Lugo,DET,2B,27,10,1,8,0,0.213,0.267,0.309,0.576
Brian Goodwin,KC,OF,27,11,3,13,1,0.266,0.317,0.415,0.732
Mac Williamson,SF,OF,28,14,4,11,1,0.213,0.295,0.383,0.678
Chase d'Arnaud,SF,2B,42,9,3,9,2,0.215,0.253,0.366,0.619
Willians Astudillo,MIN,C,30,9,3,21,0,0.355,0.371,0.516,0.887
Josh Phegley,OAK,C,39,13,2,15,0,0.204,0.255,0.344,0.599
David Freitas,SEA,C,36,9,1,5,0,0.215,0.277,0.312,0.589
Tom Murphy,COL,C,37,5,2,11,0,0.226,0.25,0.387,0.637
Jordan Luplow,PIT,OF,37,16,3,7,2,0.185,0.272,0.359,0.631
Cameron Maybin,SEA,OF,30,12,1,8,2,0.242,0.289,0.319,0.608
Kevin Newman,PIT,SS,31,7,0,6,0,0.209,0.247,0.231,0.478
Byron Buxton,MIN,OF,28,8,0,4,5,0.156,0.183,0.2,0.383
Paulo Orlando,KC,OF,25,6,0,5,0,0.167,0.194,0.2,0.394
Wilson Ramos,PHI,C,33,9,1,17,0,0.337,0.396,0.483,0.879
Dilson Herrera,CIN,2B,53,11,5,11,0,0.184,0.268,0.414,0.682
Andrew McCutchen,NYY,OF,25,18,5,10,1,0.253,0.421,0.471,0.892
Daniel Vogelbach,SEA,1B,37,9,4,13,0,0.207,0.324,0.368,0.692
Lonnie Chisenhall,CLE,OF,29,11,1,9,1,0.321,0.394,0.452,0.846
Tomas Nido,NYM,C,34,10,1,9,0,0.167,0.2,0.238,0.438
Rob Refsnyder,TB,OF,40,10,2,5,0,0.167,0.314,0.274,0.588
Rene Rivera,LAA,C,30,8,4,11,0,0.244,0.287,0.439,0.726
Danny Jansen,TOR,C,31,12,3,8,0,0.247,0.347,0.432,0.779
Derek Fisher,HOU,OF,42,13,4,11,2,0.165,0.209,0.392,0.601
Jesmuel Valentin,PHI,3B,46,8,1,6,0,0.177,0.258,0.304,0.562
Steve Pearce,TOR,1B,26,16,4,16,0,0.291,0.349,0.519,0.868
Deven Marrero,ARI,3B,49,11,0,7,3,0.167,0.224,0.205,0.429
Keon Broxton,MIL,OF,51,15,4,11,5,0.179,0.281,0.41,0.691
Alex Verdugo,LAD,OF,37,11,1,4,0,0.26,0.329,0.377,0.706
Chris Herrmann,SEA,C,36,6,2,7,0,0.237,0.322,0.421,0.743
Matt Szczur,SD,OF,57,11,1,6,3,0.187,0.265,0.267,0.532
Andrew Stevenson,WAS,OF,57,9,1,13,1,0.253,0.306,0.32,0.626
Michael Perez,TB,C,24,9,1,11,0,0.284,0.304,0.392,0.696
Brad Miller,MIL,2B,27,5,2,8,0,0.23,0.288,0.378,0.666
Franklin Barreto,OAK,2B,32,10,5,16,0,0.233,0.253,0.493,0.746
Kyle Higashioka,NYY,C,29,6,3,6,0,0.167,0.241,0.319,0.56
Pedro Florimon,PHI,SS,50,13,2,5,1,0.225,0.276,0.423,0.699
Rowdy Tellez,TOR,1B,23,10,4,14,0,0.314,0.329,0.614,0.943
Pete Kozma,DET,SS,27,7,1,8,0,0.217,0.236,0.348,0.584
Kyle Farmer,LAD,C,39,1,0,9,0,0.235,0.312,0.324,0.636
Luis Guillorme,NYM,3B,35,4,0,5,1,0.209,0.284,0.239,0.523
Tyler Wade,NYY,2B,36,8,1,5,1,0.167,0.214,0.273,0.487
Peter O'Brien,MIA,1B,22,8,4,10,0,0.273,0.338,0.53,0.868
Ryan LaMarre,CWS,OF,33,8,2,10,1,0.303,0.324,0.485,0.809
Tzu-Wei Lin,BOS,SS,37,15,1,6,0,0.246,0.329,0.415,0.744
Brian Goodwin,WAS,OF,48,9,3,12,3,0.2,0.321,0.354,0.675
Dwight Smith,TOR,OF,35,9,2,8,0,0.262,0.347,0.477,0.824
Jett Bandy,MIL,C,24,5,1,1,0,0.188,0.268,0.266,0.534
Kyle Tucker,HOU,OF,28,10,0,4,1,0.141,0.236,0.203,0.439
Isaac Galloway,MIA,OF,43,7,3,7,1,0.203,0.301,0.391,0.692
Cameron Gallagher,KC,C,22,5,1,7,0,0.206,0.25,0.302,0.552
Jason Castro,MIN,C,19,4,1,3,0,0.143,0.257,0.238,0.495
Aramis Garcia,SF,1B,19,8,4,9,0,0.286,0.308,0.492,0.8
Gregorio Petit,MIN,2B,26,7,0,3,3,0.246,0.313,0.279,0.592
Christin Stewart,DET,OF,17,7,2,10,0,0.267,0.375,0.417,0.792
Juan Lagares,NYM,OF,30,9,0,6,3,0.339,0.375,0.39,0.765
Max Moroff,PIT,2B,26,7,3,9,0,0.186,0.284,0.356,0.64
Victor Robles,WAS,OF,21,8,3,10,3,0.288,0.348,0.525,0.873
Adrian Sanchez,WAS,2B,28,8,0,3,0,0.276,0.288,0.345,0.633
Pablo Reyes,PIT,OF,18,9,3,7,0,0.293,0.349,0.483,0.832
Michael Hermosillo,LAA,OF,31,7,1,1,0,0.211,0.274,0.333,0.607
Matt Adams,STL,1B,27,5,3,9,0,0.158,0.2,0.333,0.533
John Andreoli,BAL,OF,23,4,0,4,2,0.232,0.279,0.268,0.547
Bruce Maxwell,OAK,C,18,5,1,6,0,0.182,0.207,0.309,0.516
Moises Sierra,WAS,OF,27,4,0,4,1,0.167,0.217,0.204,0.421
Francisco Mejia,SD,C,20,6,3,8,0,0.185,0.241,0.389,0.63
Chris Shaw,SF,OF,22,2,1,7,1,0.185,0.274,0.278,0.552
Christian Arroyo,TB,3B,20,5,1,6,0,0.264,0.339,0.396,0.735
Matt Holliday,COL,OF,25,3,2,3,0,0.283,0.415,0.434,0.849
Adam Duvall,ATL,OF,33,8,0,0,0,0.132,0.193,0.151,0.344
Chase Headley,SD,3B,27,2,0,4,0,0.115,0.233,0.135,0.368
Johnny Field,MIN,OF,21,8,3,7,0,0.25,0.259,0.5,0.759
Brandon Drury,NYY,3B,18,2,1,7,0,0.176,0.263,0.275,0.538
Patrick Wisdom,STL,3B,32,11,4,10,2,0.26,0.362,0.52,0.882
Josh Donaldson,CLE,3B,16,8,3,7,0,0.28,0.4,0.52,0.92
Justin Bour,PHI,1B,29,6,1,5,1,0.224,0.296,0.347,0.643
Christian Walker,ARI,1B,37,6,3,6,1,0.163,0.226,0.388,0.614
Carlos Perez,TEX,C,20,1,1,3,1,0.143,0.176,0.245,0.421
Jose Lobaton,NYM,C,22,3,0,4,0,0.143,0.246,0.224,0.47
Shane Robinson,NYY,OF,25,8,1,2,1,0.143,0.208,0.224,0.432
Luis Urias,SD,2B,12,5,2,5,1,0.208,0.264,0.354,0.618
Daniel Castro,COL,SS,18,2,1,6,0,0.174,0.191,0.261,0.452
Steve Wilkerson,BAL,2B,16,2,0,3,1,0.174,0.224,0.239,0.463
Colby Rasmus,BAL,OF,18,5,1,1,0,0.133,0.204,0.222,0.426
Jose Bautista,PHI,3B,27,12,2,6,2,0.244,0.404,0.467,0.871
Chad Wallach,MIA,C,15,4,1,5,0,0.178,0.275,0.267,0.542
Ichiro Suzuki,SEA,OF,15,5,0,0,0,0.205,0.255,0.205,0.46
Peter Bourjos,ATL,OF,36,5,1,4,0,0.205,0.239,0.364,0.603
Gordon Beckham,SEA,2B,22,3,0,1,1,0.182,0.25,0.205,0.455
Adeiny Hechavarria,PIT,SS,15,2,1,3,0,0.233,0.277,0.395,0.672
Gio Urshela,TOR,3B,19,7,1,3,0,0.233,0.283,0.326,0.609
Mike Gerber,DET,OF,18,2,0,2,0,0.095,0.17,0.119,0.289
Devin Mesoraco,CIN,C,18,1,1,3,0,0.22,0.289,0.341,0.63
Curtis Granderson,MIL,OF,19,12,2,3,0,0.22,0.407,0.439,0.846
Garrett Hampson,COL,SS,24,3,0,4,2,0.275,0.396,0.4,0.796
Socrates Brito,ARI,OF,24,3,1,3,0,0.175,0.227,0.25,0.477
DJ Stewart,BAL,OF,17,8,3,10,2,0.25,0.34,0.55,0.89
Jabari Blash,LAA,OF,24,4,0,1,2,0.103,0.2,0.128,0.328
David Freese,LAD,3B,19,9,2,9,0,0.385,0.489,0.641,1.13
Jake Smolinski,OAK,OF,20,2,0,2,1,0.128,0.171,0.205,0.376
Dylan Cozens,PHI,OF,26,2,1,2,1,0.158,0.273,0.289,0.562
Jacob Stallings,PIT,C,14,2,0,5,0,0.216,0.268,0.216,0.484
Kevin Kramer,PIT,2B,21,5,0,4,0,0.135,0.175,0.135,0.31
Preston Tucker,CIN,OF,17,4,2,5,0,0.189,0.286,0.378,0.664
Juan Centeno,TEX,C,10,3,1,3,0,0.162,0.184,0.27,0.454
Ryan Cordell,CWS,OF,19,3,1,4,0,0.108,0.125,0.216,0.341
Nick Ciuffo,TB,C,16,3,1,5,0,0.189,0.262,0.297,0.559
Sam Travis,BOS,1B,19,5,1,7,0,0.222,0.263,0.389,0.652
Renato Nunez,TEX,3B,13,2,1,2,0,0.167,0.244,0.278,0.522
Adeiny Hechavarria,NYY,SS,18,3,2,2,1,0.194,0.216,0.361,0.577
Jose Bautista,ATL,3B,12,3,2,5,0,0.143,0.25,0.343,0.593
Carson Kelly,STL,C,19,1,0,3,0,0.114,0.205,0.114,0.319
Breyvic Valera,BAL,2B,12,4,0,4,1,0.286,0.325,0.343,0.668
Clint Frazier,NYY,OF,15,9,0,1,0,0.265,0.39,0.353,0.743
Tim Federowicz,HOU,C,10,4,0,2,0,0.206,0.229,0.294,0.523
Garrett Cooper,MIA,1B,14,2,0,2,0,0.212,0.316,0.242,0.558
Mike Tauchman,COL,OF,21,5,0,0,1,0.094,0.194,0.125,0.319
Reese McGuire,TOR,C,14,5,2,4,1,0.29,0.333,0.581,0.914
Ji-Man Choi,MIL,DH,12,4,2,5,0,0.233,0.281,0.5,0.781
Jack Reinheimer,NYM,SS,21,4,0,0,1,0.167,0.286,0.167,0.453
Andrew Toles,LAD,OF,17,5,0,4,1,0.233,0.281,0.3,0.581
Tomas Telis,MIA,C,23,2,0,1,0,0.207,0.258,0.241,0.499
Breyvic Valera,LAD,2B,20,4,0,4,0,0.172,0.273,0.172,0.445
Kris Negron,SEA,SS,18,6,1,3,2,0.207,0.233,0.31,0.543
Cliff Pennington,CIN,2B,16,1,0,0,0,0.138,0.265,0.138,0.403
Chris Gimenez,MIN,C,13,6,2,6,0,0.276,0.353,0.517,0.87
Chris Gimenez,CHC,C,12,1,0,1,1,0.143,0.219,0.143,0.362
Ramon Torres,KC,2B,9,4,0,1,0,0.179,0.207,0.214,0.421
Danny Santana,ATL,OF,15,4,0,2,1,0.179,0.281,0.286,0.567
Mike Marjama,SEA,C,10,1,0,0,0,0.111,0.172,0.222,0.394
Hanser Alberto,TEX,3B,13,0,0,0,0,0.185,0.241,0.259,0.5
Meibrys Viloria,KC,C,10,4,0,4,0,0.259,0.286,0.333,0.619
Tony Cruz,CIN,C,9,2,1,2,0,0.154,0.154,0.308,0.462
Andrew Susac,BAL,C,9,1,0,0,0,0.115,0.115,0.154,0.269
Brandon Drury,TOR,3B,8,3,0,3,0,0.154,0.241,0.231,0.472
Jonathan Davis,TOR,OF,20,3,0,0,3,0.2,0.259,0.24,0.499
Raimel Tapia,COL,OF,25,6,1,6,0,0.2,0.259,0.48,0.739
Lane Adams,ATL,OF,26,10,2,6,1,0.24,0.345,0.52,0.865
Phil Gosselin,CIN,2B,20,5,1,2,0,0.125,0.25,0.25,0.5
Boog Powell,OAK,OF,7,3,0,0,1,0.167,0.2,0.292,0.492
Austin Meadows,TB,OF,10,3,1,4,1,0.25,0.308,0.417,0.725
Brandon Phillips,BOS,2B,9,4,1,2,0,0.13,0.259,0.261,0.52
Brett Phillips,MIL,OF,15,2,0,4,0,0.182,0.25,0.273,0.523
Nate Orf,MIL,2B,15,4,1,1,1,0.095,0.24,0.238,0.478
Carlos Perez,ATL,C,8,0,0,0,0,0.143,0.182,0.143,0.325
Phillip Evans,NYM,3B,15,1,0,1,1,0.143,0.217,0.143,0.36
Jacob Nottingham,MIL,C,9,2,0,0,0,0.2,0.333,0.25,0.583
Adam Rosales,CLE,2B,13,4,1,2,0,0.211,0.25,0.421,0.671
Brandon Barnes,CLE,OF,19,2,1,2,0,0.263,0.333,0.421,0.754
Ildemaro Vargas,ARI,2B,14,2,1,4,1,0.211,0.25,0.368,0.618
Taylor Motter,MIN,SS,9,0,0,1,1,0.053,0.143,0.053,0.196
Anthony Alford,TOR,OF,13,3,0,1,1,0.105,0.19,0.105,0.295
Luis Sardinas,BAL,SS,8,2,1,1,0,0.111,0.2,0.278,0.478
Adam Moore,TB,C,8,2,1,2,0,0.222,0.263,0.444,0.707
Matt den Dekker,NYM,OF,8,0,0,1,0,0,0.095,0,0.095
Lucas Duda,ATL,1B,20,1,1,2,0,0.222,0.364,0.5,0.864
Gabriel Guerrero,CIN,OF,14,1,1,1,0,0.167,0.167,0.333,0.5
Gift Ngoepe,TOR,2B,13,2,0,0,0,0.056,0.105,0.056,0.161
Corban Joseph,BAL,2B,14,1,0,3,0,0.222,0.263,0.278,0.541
Braxton Lee,MIA,OF,8,0,0,2,0,0.176,0.222,0.176,0.398
Mitch Walding,PHI,3B,13,1,1,2,0,0.059,0.158,0.235,0.393
Adolis Garcia,STL,OF,21,3,0,1,0,0.118,0.118,0.176,0.294
Javy Guerra,SD,SS,13,2,0,1,0,0.125,0.263,0.125,0.388
Eric Haase,CLE,C,9,0,0,1,0,0.125,0.176,0.125,0.301
Leonys Martin,CLE,OF,6,3,2,4,0,0.333,0.353,0.733,1.086
Taylor Motter,SEA,SS,8,2,1,1,0,0.267,0.353,0.467,0.82
Miguel Gomez,SF,3B,9,3,0,1,0,0.267,0.267,0.267,0.534
Travis d'Arnaud,NYM,C,4,1,1,3,0,0.2,0.25,0.4,0.65
Jon Berti,TOR,2B,4,2,0,2,1,0.267,0.267,0.467,0.734
Drew Butera,COL,C,10,2,1,3,0,0.214,0.313,0.429,0.742
Chris Stewart,ATL,C,5,3,0,3,0,0.214,0.25,0.214,0.464
Blake Trahan,CIN,SS,11,2,0,0,0,0.214,0.214,0.214,0.428
Christopher Bostick,MIA,OF,13,0,0,2,0,0.214,0.313,0.286,0.599
Patrick Kivlehan,ARI,OF,9,3,0,0,0,0.231,0.286,0.538,0.824
Rosell Herrera,CIN,OF,11,0,0,0,0,0.154,0.154,0.154,0.308
Matt Reynolds,WAS,3B,12,1,0,1,0,0.154,0.214,0.154,0.368
Joe Hudson,LAA,C,8,0,0,1,0,0.167,0.167,0.25,0.417
Rio Ruiz,ATL,3B,14,1,0,0,0,0.083,0.267,0.083,0.35
Trevor Plouffe,PHI,3B,7,1,1,3,0,0.25,0.25,0.5,0.75
Miguel Montero,WAS,C,4,0,0,0,0,0,0.154,0,0.154
Ty Kelly,NYM,2B,9,1,0,0,0,0.091,0.167,0.091,0.258
Tim Locastro,LAD,2B,18,6,0,0,4,0.182,0.357,0.273,0.63
Dustin Pedroia,BOS,2B,3,1,0,0,0,0.091,0.231,0.091,0.322
Matt Skole,CWS,1B,4,2,1,1,0,0.273,0.385,0.545,0.93
Luke Voit,STL,1B,8,2,1,3,0,0.182,0.308,0.455,0.763
Abiatal Avelino,SF,SS,6,1,0,0,0,0.273,0.273,0.273,0.546
Nolan Fontana,LAA,2B,8,1,1,1,0,0.091,0.167,0.364,0.531
Dalton Pompey,TOR,OF,5,0,0,0,0,0.2,0.273,0.2,0.473
Andrew Velazquez,TB,SS,13,3,0,0,1,0.3,0.417,0.4,0.817
Harold Castro,DET,2B,6,2,0,0,1,0.3,0.3,0.3,0.6
Jace Peterson,NYY,3B,3,0,0,0,0,0.3,0.364,0.3,0.664
Sherman Johnson,LAA,2B,10,0,0,0,0,0,0.091,0,0.091
Alfredo Gonzalez,CWS,C,3,0,0,1,0,0.111,0.111,0.111,0.222
Myles Straw,HOU,OF,9,4,1,1,2,0.333,0.4,0.667,1.067
Tyler Saladino,CWS,SS,6,2,0,0,0,0.25,0.25,0.375,0.625
Ryder Jones,SF,1B,5,2,2,3,0,0.375,0.375,1.125,1.5
Jose Trevino,TEX,C,3,0,0,3,0,0.25,0.25,0.25,0.5
Michael Reed,ATL,OF,7,1,0,0,0,0.286,0.286,0.286,0.572
Engelb Vielma,BAL,SS,6,1,0,0,0,0.143,0.25,0.143,0.393
Juan Graterol,MIN,C,3,2,0,0,0,0.143,0.25,0.143,0.393
Trayce Thompson,OAK,OF,3,1,0,0,0,0.143,0.143,0.143,0.286
Jarrod Saltalamacchia,DET,C,5,0,0,0,0,0,0.125,0,0.125
Dan Butler,BOS,C,2,0,0,1,0,0.167,0.143,0.167,0.31
Tim Federowicz,CIN,C,5,1,1,2,0,0.333,0.429,1,1.429
Efren Navarro,CHC,1B,4,0,0,0,0,0.167,0.167,0.167,0.334
Ryan Lavarnway,PIT,C,6,1,0,1,0,0.667,0.667,0.833,1.5
Jung Ho Kang,PIT,3B,3,0,0,0,0,0.333,0.333,0.333,0.666
Rafael Bautista,WAS,OF,9,1,0,0,0,0,0,0,0
Brandon Snyder,TB,3B,2,0,0,0,0,0.167,0.167,0.333,0.5
Steve Baron,STL,C,2,0,0,0,0,0.2,0.2,0.2,0.4
John Andreoli,SEA,OF,3,0,0,0,0,0.2,0.333,0.2,0.533
Beau Taylor,OAK,C,7,0,0,0,0,0.2,0.333,0.4,0.733
Terrance Gore,CHC,OF,14,5,0,0,6,0.2,0.2,0.2,0.4
Mark Zagunis,CHC,OF,5,0,0,1,0,0.4,0.5,0.6,1.1
Taylor Davis,CHC,C,5,0,0,2,0,0.4,0.333,0.4,0.733
Ryan Schimpf,LAA,3B,5,2,1,2,0,0.2,0.429,0.8,1.229
Zach Vincej,SEA,SS,1,0,0,1,0,0.5,0.5,0.5,1
Kevin Kaczmarski,NYM,OF,4,0,0,0,0,0,0.2,0,0.2
Rene Rivera,ATL,C,3,0,0,0,0,0,0,0,0
Billy McKinney,NYY,OF,2,0,0,0,0,0.25,0.25,0.25,0.5
Kris Negron,ARI,SS,2,0,0,1,0,0.333,0.333,0.333,0.666
AJ Reed,HOU,1B,1,0,0,0,0,0,0,0,0
Dustin Peterson,ATL,OF,2,0,0,0,0,0,0,0,0
Rocky Gale,LAD,C,3,0,0,0,0,0,0,0,0
Nick Franklin,MIL,2B,1,0,0,0,0,0,0,0,0
Francisco Mejia,CLE,C,1,0,0,0,0,0,0.5,0,0.5
Christopher Bostick,PIT,OF,2,0,0,0,0,0,0,0,0
Darnell Sweeney,TOR,OF,2,0,0,0,0,0,0.5,0,0.5
David Wright,NYM,3B,2,0,0,0,0,0,0.333,0,0.333
Dustin Garneau,CWS,C,1,0,0,1,0,0.5,0.667,0.5,1.167
Edmundo Sosa,STL,SS,3,1,0,0,0,0,0.333,0,0.333
